Year,Business (Main),Business (All),Status,Holding Name,Postcode,Field Group,Parent Field Name,Field Defined Name,Part Field Reference,Official Area ha,Map Sheet,NG Number,Field Number,Field Reference,Crop Group,Variety,Actual Issued Date,Product Name,Application Area ha,Rate per Application Area ha,Working Area ha,Rate per Working Area ha,Quantity,Units,Fertiliser Nutrient Name,Fertiliser Nutrient Rate per Working Area,Crop Sequence
2024,Beeswax Dyson Farming Ltd,Beeswax Dyson Farming Ltd,Completed,Nocton Farms,LN4 2AB,Stubton Farm Block,Airfield,Airfield.B,B,22.44,SK8951,3169,105,Airfield,Rape Winter,LG Adeline,45166,DAP 18.46.0,22.44,105.607,22.44,105.607,2369.818,kg,N,19.01,1
2024,Beeswax Dyson Farming Ltd,Beeswax Dyson Farming Ltd,Completed,Nocton Farms,LN4 2AB,Stubton Farm Block,Airfield,Airfield.B,B,22.44,SK8951,3169,105,Airfield,Rape Winter,LG Adeline,45166,DAP 18.46.0,22.44,105.607,22.44,105.607,2369.818,kg,P2O5,48.58,1
2024,Beeswax Dyson Farming Ltd,Beeswax Dyson Farming Ltd,Completed,Nocton Farms,LN4 2AB,Stubton Farm Block,Barrier Field,Barrier Field.B,B,9.36,SK8850,9599,113,Barrier Field,Rape Winter,LG Adeline,45163,DAP 18.46.0,9.36,105.607,9.36,105.607,988.48,kg,N,19.01,1
2024,Beeswax Dyson Farming Ltd,Beeswax Dyson Farming Ltd,Completed,Nocton Farms,LN4 2AB,Stubton Farm Block,Barrier Field,Barrier Field.B,B,9.36,SK8850,9599,113,Barrier Field,Rape Winter,LG Adeline,45163,DAP 18.46.0,9.36,105.607,9.36,105.607,988.48,kg,P2O5,48.58,1
2024,Beeswax Dyson Farming Ltd,Beeswax Dyson Farming Ltd,Completed,Nocton Farms,LN4 2AB,Stubton Farm Block,Bottom/Top Simons,Bottom/Top Simons.B,B,18.84,SK8851,8636,125,Bottom/Top Simons,Rape Winter,LG Adeline,45164,DAP 18.46.0,18.84,105.607,18.84,105.607,1989.633,kg,N,19.01,1
2024,Beeswax Dyson Farming Ltd,Beeswax Dyson Farming Ltd,Completed,Nocton Farms,LN4 2AB,Stubton Farm Block,Bottom/Top Simons,Bottom/Top Simons.B,B,18.84,SK8851,8636,125,Bottom/Top Simons,Rape Winter,LG Adeline,45164,DAP 18.46.0,18.84,105.607,18.84,105.607,1989.633,kg,P2O5,48.58,1
2024,Beeswax Dyson Farming Ltd,Beeswax Dyson Farming Ltd,Completed,Nocton Farms,LN4 2AB,Stubton Farm Block,Bullock Field,Bullock Field.B,B,21.56,SK8949,6209,128,Bullock Field,Sugar Beet,Button,45395,DAP 18.46.0,21.56,103.078,21.56,103.078,2222.372,kg,N,18.55,1
2024,Beeswax Dyson Farming Ltd,Beeswax Dyson Farming Ltd,Completed,Nocton Farms,LN4 2AB,Stubton Farm Block,Bullock Field,Bullock Field.B,B,21.56,SK8949,6209,128,Bullock Field,Sugar Beet,Button,45395,DAP 18.46.0,21.56,103.078,21.56,103.078,2222.372,kg,P2O5,47.42,1
2024,Beeswax Dyson Farming Ltd,Beeswax Dyson Farming Ltd,Completed,Nocton Farms,LN4 2AB,Stubton Farm Block,Concrete Field,Concrete Field.C,C,4.81,SK8851,6301,138,Concrete Field,Rape Winter,LG Adeline,45164,DAP 18.46.0,4.81,105.607,4.81,105.607,507.969,kg,N,19.01,1
2024,Beeswax Dyson Farming Ltd,Beeswax Dyson Farming Ltd,Completed,Nocton Farms,LN4 2AB,Stubton Farm Block,Concrete Field,Concrete Field.C,C,4.81,SK8851,6301,138,Concrete Field,Rape Winter,LG Adeline,45164,DAP 18.46.0,4.81,105.607,4.81,105.607,507.969,kg,P2O5,48.58,1
2024,Beeswax Dyson Farming Ltd,Beeswax Dyson Farming Ltd,Completed,Nocton Farms,LN4 2AB,Stubton Farm Block,Cow Field,Cow Field.B,B,41.1,SK8949,1806,142,Cow Field,Maize Forage,Resolute,45416,DAP 18.46.0,41.1,103.078,41.1,103.078,4236.525,kg,N,18.55,1
2024,Beeswax Dyson Farming Ltd,Beeswax Dyson Farming Ltd,Completed,Nocton Farms,LN4 2AB,Stubton Farm Block,Cow Field,Cow Field.B,B,41.1,SK8949,1806,142,Cow Field,Maize Forage,Resolute,45416,DAP 18.46.0,41.1,103.078,41.1,103.078,4236.525,kg,P2O5,47.42,1
2024,Beeswax Dyson Farming Ltd,Beeswax Dyson Farming Ltd,Completed,Nocton Farms,LN4 2AB,Stubton Farm Block,Dryer Field,Dryer Field.B,B,15.93,SK8849,6421,163,Dryer Field,Sugar Beet,Button,45395,DAP 18.46.0,15.93,103.078,15.93,103.078,1642.04,kg,N,18.55,1
2024,Beeswax Dyson Farming Ltd,Beeswax Dyson Farming Ltd,Completed,Nocton Farms,LN4 2AB,Stubton Farm Block,Dryer Field,Dryer Field.B,B,15.93,SK8849,6421,163,Dryer Field,Sugar Beet,Button,45395,DAP 18.46.0,15.93,103.078,15.93,103.078,1642.04,kg,P2O5,47.42,1
2024,Beeswax Dyson Farming Ltd,Beeswax Dyson Farming Ltd,Completed,Nocton Farms,LN4 2AB,Stubton Farm Block,Gokart Field,Gokart Field.B,B,4.08,SK8949,9055,196,,Maize Forage,Resolute,45416,DAP 18.46.0,4.08,103.078,4.08,103.078,420.56,kg,N,18.55,1
2024,Beeswax Dyson Farming Ltd,Beeswax Dyson Farming Ltd,Completed,Nocton Farms,LN4 2AB,Stubton Farm Block,Gokart Field,Gokart Field.B,B,4.08,SK8949,9055,196,,Maize Forage,Resolute,45416,DAP 18.46.0,4.08,103.078,4.08,103.078,420.56,kg,P2O5,47.42,1
2024,Beeswax Dyson Farming Ltd,Beeswax Dyson Farming Ltd,Completed,Nocton Farms,LN4 2AB,Stubton Farm Block,Green Walk,Green Walk.B,B,4.22,SK8849,2707,199,,Sugar Beet,Button,45395,DAP 18.46.0,4.22,103.078,4.22,103.078,434.991,kg,N,18.55,1
2024,Beeswax Dyson Farming Ltd,Beeswax Dyson Farming Ltd,Completed,Nocton Farms,LN4 2AB,Stubton Farm Block,Green Walk,Green Walk.B,B,4.22,SK8849,2707,199,,Sugar Beet,Button,45395,DAP 18.46.0,4.22,103.078,4.22,103.078,434.991,kg,P2O5,47.42,1
2024,Beeswax Dyson Farming Ltd,Beeswax Dyson Farming Ltd,Completed,Nocton Farms,LN4 2AB,Stubton Farm Block,Lane Field,Lane Field.B,B,12.06,SK9049,1464,218,,Sugar Beet,Button,45395,DAP 18.46.0,12.06,103.078,12.06,103.078,1243.126,kg,N,18.55,1
2024,Beeswax Dyson Farming Ltd,Beeswax Dyson Farming Ltd,Completed,Nocton Farms,LN4 2AB,Stubton Farm Block,Lane Field,Lane Field.B,B,12.06,SK9049,1464,218,,Sugar Beet,Button,45395,DAP 18.46.0,12.06,103.078,12.06,103.078,1243.126,kg,P2O5,47.42,1
2024,Beeswax Dyson Farming Ltd,Beeswax Dyson Farming Ltd,Completed,Nocton Farms,LN4 2AB,Stubton Farm Block,North 20ac,North 20ac.B,B,7.26,SK8951,294,247,North 20ac,Rape Winter,LG Adeline,45166,DAP 18.46.0,7.26,105.607,7.26,105.607,766.706,kg,N,19.01,1
2024,Beeswax Dyson Farming Ltd,Beeswax Dyson Farming Ltd,Completed,Nocton Farms,LN4 2AB,Stubton Farm Block,North 20ac,North 20ac.B,B,7.26,SK8951,294,247,North 20ac,Rape Winter,LG Adeline,45166,DAP 18.46.0,7.26,105.607,7.26,105.607,766.706,kg,P2O5,48.58,1
2024,Beeswax Dyson Farming Ltd,Beeswax Dyson Farming Ltd,Completed,Nocton Farms,LN4 2AB,Stubton Farm Block,North Field,North Field.B,B,30.92,SK8851,3826,249,,Rape Winter,LG Adeline,45164,DAP 18.46.0,30.92,105.607,30.92,105.607,3265.364,kg,N,19.01,1
2024,Beeswax Dyson Farming Ltd,Beeswax Dyson Farming Ltd,Completed,Nocton Farms,LN4 2AB,Stubton Farm Block,North Field,North Field.B,B,30.92,SK8851,3826,249,,Rape Winter,LG Adeline,45164,DAP 18.46.0,30.92,105.607,30.92,105.607,3265.364,kg,P2O5,48.58,1
2024,Beeswax Dyson Farming Ltd,Beeswax Dyson Farming Ltd,Completed,Nocton Farms,LN4 2AB,Stubton Farm Block,Popular Field,Popular Field.B,B,6.45,SK8848,7180,259,,Maize Forage,Resolute,45416,DAP 18.46.0,6.45,103.078,6.45,103.078,664.856,kg,N,18.55,1
2024,Beeswax Dyson Farming Ltd,Beeswax Dyson Farming Ltd,Completed,Nocton Farms,LN4 2AB,Stubton Farm Block,Popular Field,Popular Field.B,B,6.45,SK8848,7180,259,,Maize Forage,Resolute,45416,DAP 18.46.0,6.45,103.078,6.45,103.078,664.856,kg,P2O5,47.42,1
2024,Beeswax Dyson Farming Ltd,Beeswax Dyson Farming Ltd,Completed,Nocton Farms,LN4 2AB,Stubton Farm Block,Stack Field,Stack Field.B,B,3.74,SK8848,4586,286,,Sugar Beet,Button,45396,DAP 18.46.0,3.74,103.078,3.74,103.078,385.513,kg,N,18.55,1
2024,Beeswax Dyson Farming Ltd,Beeswax Dyson Farming Ltd,Completed,Nocton Farms,LN4 2AB,Stubton Farm Block,Stack Field,Stack Field.B,B,3.74,SK8848,4586,286,,Sugar Beet,Button,45396,DAP 18.46.0,3.74,103.078,3.74,103.078,385.513,kg,P2O5,47.42,1
2024,Beeswax Dyson Farming Ltd,Beeswax Dyson Farming Ltd,Completed,Nocton Farms,LN4 2AB,Stubton Farm Block,The Park,The Park.B,B,16.45,SK8748,8898,301,,Maize Forage,Resolute,45417,DAP 18.46.0,16.45,103.078,16.45,103.078,1695.641,kg,N,18.55,1
2024,Beeswax Dyson Farming Ltd,Beeswax Dyson Farming Ltd,Completed,Nocton Farms,LN4 2AB,Stubton Farm Block,The Park,The Park.B,B,16.45,SK8748,8898,301,,Maize Forage,Resolute,45417,DAP 18.46.0,16.45,103.078,16.45,103.078,1695.641,kg,P2O5,47.42,1
2024,Beeswax Dyson Farming Ltd,Beeswax Dyson Farming Ltd,Completed,Nocton Farms,LN4 2AB,Stubton Farm Block,Widnes,Widnes.B,B,27.5,SK9050,418,325,,Maize Forage,Resolute,45417,DAP 18.46.0,24.51,103.078,27.5,91.871,2526.453,kg,N,16.54,1
2024,Beeswax Dyson Farming Ltd,Beeswax Dyson Farming Ltd,Completed,Nocton Farms,LN4 2AB,Stubton Farm Block,Widnes,Widnes.B,B,27.5,SK9050,418,325,,Maize Forage,Resolute,45417,DAP 18.46.0,24.51,103.078,27.5,91.871,2526.453,kg,P2O5,42.26,1
2024,Beeswax Dyson Farming Ltd,Beeswax Dyson Farming Ltd,Completed,Nocton Farms,LN4 2AB,Stubton Farm Block,Wood Field,Wood Field.B,B,10.75,SK8949,1663,327,,Sugar Beet,Button,45396,DAP 18.46.0,10.75,103.078,10.75,103.078,1108.093,kg,N,18.55,1
2024,Beeswax Dyson Farming Ltd,Beeswax Dyson Farming Ltd,Completed,Nocton Farms,LN4 2AB,Stubton Farm Block,Wood Field,Wood Field.B,B,10.75,SK8949,1663,327,,Sugar Beet,Button,45396,DAP 18.46.0,10.75,103.078,10.75,103.078,1108.093,kg,P2O5,47.42,1
2024,Beeswax Dyson Farming Ltd,Beeswax Dyson Farming Ltd,Completed,Nocton Farms,LN4 2AB,Stubton Farm Block,Airfield,Airfield.B,B,22.44,SK8951,3169,105,Airfield,Rape Winter,LG Adeline,45393,Folex B,22.44,2.713,22.44,2.713,60.886,L,B,0.41,1
2024,Beeswax Dyson Farming Ltd,Beeswax Dyson Farming Ltd,Completed,Nocton Farms,LN4 2AB,Stubton Farm Block,Balloon Field,Balloon Field.B,B,18.84,SK8849,764,110,Balloon Field,Wheat Winter,Crusoe,45431,Folex B,18.84,0.452,18.84,0.452,8.52,L,B,0.07,2
2024,Beeswax Dyson Farming Ltd,Beeswax Dyson Farming Ltd,Completed,Nocton Farms,LN4 2AB,Stubton Farm Block,Barrier Field,Barrier Field.B,B,9.36,SK8850,9599,113,Barrier Field,Rape Winter,LG Adeline,45393,Folex B,9.36,2.713,9.36,2.713,25.396,L,B,0.41,1
2024,Beeswax Dyson Farming Ltd,Beeswax Dyson Farming Ltd,Completed,Nocton Farms,LN4 2AB,Stubton Farm Block,Bottom/Top Simons,Bottom/Top Simons.B,B,18.84,SK8851,8636,125,Bottom/Top Simons,Rape Winter,LG Adeline,45393,Folex B,18.84,2.713,18.84,2.713,51.118,L,B,0.41,1
2024,Beeswax Dyson Farming Ltd,Beeswax Dyson Farming Ltd,Completed,Nocton Farms,LN4 2AB,Stubton Farm Block,Brandon Field,Brandon Field.B,B,13.7,SK8947,9181,126,Brandon Field,Wheat Spring,Nissaba,45448,Folex B,13.7,0.452,13.7,0.452,6.195,L,B,0.07,2
2024,Beeswax Dyson Farming Ltd,Beeswax Dyson Farming Ltd,Completed,Nocton Farms,LN4 2AB,Stubton Farm Block,Bridge Field Stub,Bridge Field Stub.B,B,29.9,SK8948,4604,127,Bridge Field Stub,Wheat Spring,KWS Cochise,45447,Folex B,29.9,0.452,29.9,0.452,13.521,L,B,0.07,1
2024,Beeswax Dyson Farming Ltd,Beeswax Dyson Farming Ltd,Completed,Nocton Farms,LN4 2AB,Stubton Farm Block,Bullock Field,Bullock Field.B,B,21.56,SK8949,6209,128,Bullock Field,Sugar Beet,Button,45525,Folex B,21.56,2.713,21.56,2.713,58.498,L,B,0.41,1
2024,Beeswax Dyson Farming Ltd,Beeswax Dyson Farming Ltd,Completed,Nocton Farms,LN4 2AB,Stubton Farm Block,Concrete Field,Concrete Field.C,C,4.81,SK8851,6301,138,Concrete Field,Rape Winter,LG Adeline,45393,Folex B,4.81,2.713,4.81,2.713,13.051,L,B,0.41,1
2024,Beeswax Dyson Farming Ltd,Beeswax Dyson Farming Ltd,Completed,Nocton Farms,LN4 2AB,Stubton Farm Block,Conifer Field,Conifer Field.C,C,21.42,SK8749,9636,139,Conifer Field,Wheat Winter,Crusoe,45431,Folex B,21.42,0.452,21.42,0.452,9.686,L,B,0.07,2
2024,Beeswax Dyson Farming Ltd,Beeswax Dyson Farming Ltd,Completed,Nocton Farms,LN4 2AB,Stubton Farm Block,Dryer Field,Dryer Field.B,B,15.93,SK8849,6421,163,Dryer Field,Sugar Beet,Button,45527,Folex B,15.93,2.713,15.93,2.713,43.222,L,B,0.41,1
2024,Beeswax Dyson Farming Ltd,Beeswax Dyson Farming Ltd,Completed,Nocton Farms,LN4 2AB,Stubton Farm Block,England Field,England Field.C,C,30.92,SK8850,7215,166,England Field,Wheat Winter,Crusoe,45432,Folex B,30.92,0.452,30.92,0.452,13.982,L,B,0.07,2
2024,Beeswax Dyson Farming Ltd,Beeswax Dyson Farming Ltd,Completed,Nocton Farms,LN4 2AB,Stubton Farm Block,Gorse Field,Gorse Field.B,B,16.36,SK8949,6185,197,,Oats Winter,Mascani,45431,Folex B,16.36,0.452,16.36,0.452,7.398,L,B,0.07,1
2024,Beeswax Dyson Farming Ltd,Beeswax Dyson Farming Ltd,Completed,Nocton Farms,LN4 2AB,Stubton Farm Block,Grahams Field,Grahams Field.B,B,2.53,SK8848,8556,198,,Rye Winter,KWS Tayo,45408,Folex B,2.53,0.452,2.53,0.452,1.144,L,B,0.07,1
2024,Beeswax Dyson Farming Ltd,Beeswax Dyson Farming Ltd,Completed,Nocton Farms,LN4 2AB,Stubton Farm Block,Green Walk,Green Walk.B,B,4.22,SK8849,2707,199,,Sugar Beet,Button,45527,Folex B,4.22,2.713,4.22,2.713,11.45,L,B,0.41,1
2024,Beeswax Dyson Farming Ltd,Beeswax Dyson Farming Ltd,Completed,Nocton Farms,LN4 2AB,Stubton Farm Block,Lane Field,Lane Field.B,B,12.06,SK9049,1464,218,,Sugar Beet,Button,45527,Folex B,12.06,2.713,12.06,2.713,32.722,L,B,0.41,1
2024,Beeswax Dyson Farming Ltd,Beeswax Dyson Farming Ltd,Completed,Nocton Farms,LN4 2AB,Stubton Farm Block,Lillies Meadow,Lillies Meadow.B,B,6.72,SK8947,1490,224,,Rye Winter,KWS Tayo,45408,Folex B,6.72,0.452,6.72,0.452,3.039,L,B,0.07,1
2024,Beeswax Dyson Farming Ltd,Beeswax Dyson Farming Ltd,Completed,Nocton Farms,LN4 2AB,Stubton Farm Block,Little Gates,Little Gates.C,C,41.1,SK8748,9425,225,,Wheat Winter,KWS Extase,45432,Folex B,41.1,0.452,41.1,0.452,18.586,L,B,0.07,2
2024,Beeswax Dyson Farming Ltd,Beeswax Dyson Farming Ltd,Completed,Nocton Farms,LN4 2AB,Stubton Farm Block,Long Field (Stubton),Long Field (Stubton).B,B,30.88,SK8850,4818,228,,Wheat Winter,Crusoe,45432,Folex B,30.88,0.452,30.88,0.452,13.964,L,B,0.07,2
2024,Beeswax Dyson Farming Ltd,Beeswax Dyson Farming Ltd,Completed,Nocton Farms,LN4 2AB,Stubton Farm Block,Middle Field,Middle Field.C,C,22.02,SK8750,9738,236,,Wheat Winter,Crusoe,45431,Folex B,22.02,0.452,22.02,0.452,9.958,L,B,0.07,2
2024,Beeswax Dyson Farming Ltd,Beeswax Dyson Farming Ltd,Completed,Nocton Farms,LN4 2AB,Stubton Farm Block,Modder,Modder.C,C,13.42,SK8848,6325,240,,Rye Winter,KWS Tayo,45408,Folex B,13.42,0.452,13.42,0.452,6.069,L,B,0.07,1
2024,Beeswax Dyson Farming Ltd,Beeswax Dyson Farming Ltd,Completed,Nocton Farms,LN4 2AB,Stubton Farm Block,North 20ac,North 20ac.B,B,7.26,SK8951,294,247,North 20ac,Rape Winter,LG Adeline,45393,Folex B,7.26,2.713,7.26,2.713,19.698,L,B,0.41,1
2024,Beeswax Dyson Farming Ltd,Beeswax Dyson Farming Ltd,Completed,Nocton Farms,LN4 2AB,Stubton Farm Block,North Field,North Field.B,B,30.92,SK8851,3826,249,,Rape Winter,LG Adeline,45393,Folex B,30.92,2.713,30.92,2.713,83.894,L,B,0.41,1
2024,Beeswax Dyson Farming Ltd,Beeswax Dyson Farming Ltd,Completed,Nocton Farms,LN4 2AB,Stubton Farm Block,Rectory,Rectory.B,B,17.33,SK8748,6143,262,,Wheat Winter,KWS Extase,45432,Folex B,17.33,0.452,17.33,0.452,7.837,L,B,0.07,2
2024,Beeswax Dyson Farming Ltd,Beeswax Dyson Farming Ltd,Completed,Nocton Farms,LN4 2AB,Stubton Farm Block,Rookery,Rookery.B,B,13.34,SK8749,9194,264,,Wheat Winter,Crusoe,45431,Folex B,13.34,0.452,13.34,0.452,6.032,L,B,0.07,2
2024,Beeswax Dyson Farming Ltd,Beeswax Dyson Farming Ltd,Completed,Nocton Farms,LN4 2AB,Stubton Farm Block,South Yard Field,South Yard Field.B,B,14.78,SK8848,3851,282,,Rye Winter,KWS Tayo,45408,Folex B,14.78,0.452,14.78,0.452,6.684,L,B,0.07,1
2024,Beeswax Dyson Farming Ltd,Beeswax Dyson Farming Ltd,Completed,Nocton Farms,LN4 2AB,Stubton Farm Block,South Yard Field,South Yard Field.D,D,4.25,SK8848,3851,282,,Barley Spring,Laureate,45447,Folex B,4.25,0.452,4.25,0.452,1.922,L,B,0.07,1
2024,Beeswax Dyson Farming Ltd,Beeswax Dyson Farming Ltd,Completed,Nocton Farms,LN4 2AB,Stubton Farm Block,Stack Field,Stack Field.B,B,3.74,SK8848,4586,286,,Sugar Beet,Button,45527,Folex B,3.74,2.713,3.74,2.713,10.148,L,B,0.41,1
2024,Beeswax Dyson Farming Ltd,Beeswax Dyson Farming Ltd,Completed,Nocton Farms,LN4 2AB,Stubton Farm Block,Village Field,Village Field.B,B,9.44,SK8850,3266,315,,Wheat Winter,Crusoe,45432,Folex B,9.44,0.452,9.44,0.452,4.269,L,B,0.07,2
2024,Beeswax Dyson Farming Ltd,Beeswax Dyson Farming Ltd,Completed,Nocton Farms,LN4 2AB,Stubton Farm Block,Warren,Warren.B,B,13.27,SK8948,331,322,,Wheat Spring,Nissaba,45447,Folex B,13.27,0.452,13.27,0.452,6.001,L,B,0.07,1
2024,Beeswax Dyson Farming Ltd,Beeswax Dyson Farming Ltd,Completed,Nocton Farms,LN4 2AB,Stubton Farm Block,Wedding Field,Wedding Field.B,B,5.9,SK8849,7054,323,,Wheat Winter,Crusoe,45431,Folex B,5.9,0.452,5.9,0.452,2.668,L,B,0.07,2
2024,Beeswax Dyson Farming Ltd,Beeswax Dyson Farming Ltd,Completed,Nocton Farms,LN4 2AB,Stubton Farm Block,Wood Field,Wood Field.B,B,10.75,SK8949,1663,327,,Sugar Beet,Button,45527,Folex B,10.75,2.713,10.75,2.713,29.168,L,B,0.41,1
2024,Beeswax Dyson Farming Ltd,Beeswax Dyson Farming Ltd,Completed,Nocton Farms,LN4 2AB,Stubton Farm Block,Airfield,Airfield.B,B,22.44,SK8951,3169,105,Airfield,Rape Winter,LG Adeline,45147,Kalfos,22.44,509.047,22.44,509.047,11423.005,kg,CaO,167.99,1
2024,Beeswax Dyson Farming Ltd,Beeswax Dyson Farming Ltd,Completed,Nocton Farms,LN4 2AB,Stubton Farm Block,Airfield,Airfield.B,B,22.44,SK8951,3169,105,Airfield,Rape Winter,LG Adeline,45147,Kalfos,22.44,509.047,22.44,509.047,11423.005,kg,K2O,20.36,1
2024,Beeswax Dyson Farming Ltd,Beeswax Dyson Farming Ltd,Completed,Nocton Farms,LN4 2AB,Stubton Farm Block,Airfield,Airfield.B,B,22.44,SK8951,3169,105,Airfield,Rape Winter,LG Adeline,45147,Kalfos,22.44,509.047,22.44,509.047,11423.005,kg,MgO,5.09,1
2024,Beeswax Dyson Farming Ltd,Beeswax Dyson Farming Ltd,Completed,Nocton Farms,LN4 2AB,Stubton Farm Block,Airfield,Airfield.B,B,22.44,SK8951,3169,105,Airfield,Rape Winter,LG Adeline,45147,Kalfos,22.44,509.047,22.44,509.047,11423.005,kg,Na2O,50.9,1
2024,Beeswax Dyson Farming Ltd,Beeswax Dyson Farming Ltd,Completed,Nocton Farms,LN4 2AB,Stubton Farm Block,Airfield,Airfield.B,B,22.44,SK8951,3169,105,Airfield,Rape Winter,LG Adeline,45147,Kalfos,22.44,509.047,22.44,509.047,11423.005,kg,P2O5,122.17,1
2024,Beeswax Dyson Farming Ltd,Beeswax Dyson Farming Ltd,Completed,Nocton Farms,LN4 2AB,Stubton Farm Block,Airfield,Airfield.B,B,22.44,SK8951,3169,105,Airfield,Rape Winter,LG Adeline,45147,Kalfos,22.44,509.047,22.44,509.047,11423.005,kg,SO3,30.54,1
2024,Beeswax Dyson Farming Ltd,Beeswax Dyson Farming Ltd,Completed,Nocton Farms,LN4 2AB,Stubton Farm Block,Barrier Field,Barrier Field.B,B,9.36,SK8850,9599,113,Barrier Field,Rape Winter,LG Adeline,45147,Kalfos,9.36,509.047,9.36,509.047,4764.676,kg,CaO,167.99,1
2024,Beeswax Dyson Farming Ltd,Beeswax Dyson Farming Ltd,Completed,Nocton Farms,LN4 2AB,Stubton Farm Block,Barrier Field,Barrier Field.B,B,9.36,SK8850,9599,113,Barrier Field,Rape Winter,LG Adeline,45147,Kalfos,9.36,509.047,9.36,509.047,4764.676,kg,K2O,20.36,1
2024,Beeswax Dyson Farming Ltd,Beeswax Dyson Farming Ltd,Completed,Nocton Farms,LN4 2AB,Stubton Farm Block,Barrier Field,Barrier Field.B,B,9.36,SK8850,9599,113,Barrier Field,Rape Winter,LG Adeline,45147,Kalfos,9.36,509.047,9.36,509.047,4764.676,kg,MgO,5.09,1
2024,Beeswax Dyson Farming Ltd,Beeswax Dyson Farming Ltd,Completed,Nocton Farms,LN4 2AB,Stubton Farm Block,Barrier Field,Barrier Field.B,B,9.36,SK8850,9599,113,Barrier Field,Rape Winter,LG Adeline,45147,Kalfos,9.36,509.047,9.36,509.047,4764.676,kg,Na2O,50.9,1
2024,Beeswax Dyson Farming Ltd,Beeswax Dyson Farming Ltd,Completed,Nocton Farms,LN4 2AB,Stubton Farm Block,Barrier Field,Barrier Field.B,B,9.36,SK8850,9599,113,Barrier Field,Rape Winter,LG Adeline,45147,Kalfos,9.36,509.047,9.36,509.047,4764.676,kg,P2O5,122.17,1
2024,Beeswax Dyson Farming Ltd,Beeswax Dyson Farming Ltd,Completed,Nocton Farms,LN4 2AB,Stubton Farm Block,Barrier Field,Barrier Field.B,B,9.36,SK8850,9599,113,Barrier Field,Rape Winter,LG Adeline,45147,Kalfos,9.36,509.047,9.36,509.047,4764.676,kg,SO3,30.54,1
2024,Beeswax Dyson Farming Ltd,Beeswax Dyson Farming Ltd,Completed,Nocton Farms,LN4 2AB,Stubton Farm Block,Bottom/Top Simons,Bottom/Top Simons.B,B,18.84,SK8851,8636,125,Bottom/Top Simons,Rape Winter,LG Adeline,45148,Kalfos,18.84,509.047,18.84,509.047,9590.437,kg,CaO,167.99,1
2024,Beeswax Dyson Farming Ltd,Beeswax Dyson Farming Ltd,Completed,Nocton Farms,LN4 2AB,Stubton Farm Block,Bottom/Top Simons,Bottom/Top Simons.B,B,18.84,SK8851,8636,125,Bottom/Top Simons,Rape Winter,LG Adeline,45148,Kalfos,18.84,509.047,18.84,509.047,9590.437,kg,K2O,20.36,1
2024,Beeswax Dyson Farming Ltd,Beeswax Dyson Farming Ltd,Completed,Nocton Farms,LN4 2AB,Stubton Farm Block,Bottom/Top Simons,Bottom/Top Simons.B,B,18.84,SK8851,8636,125,Bottom/Top Simons,Rape Winter,LG Adeline,45148,Kalfos,18.84,509.047,18.84,509.047,9590.437,kg,MgO,5.09,1
2024,Beeswax Dyson Farming Ltd,Beeswax Dyson Farming Ltd,Completed,Nocton Farms,LN4 2AB,Stubton Farm Block,Bottom/Top Simons,Bottom/Top Simons.B,B,18.84,SK8851,8636,125,Bottom/Top Simons,Rape Winter,LG Adeline,45148,Kalfos,18.84,509.047,18.84,509.047,9590.437,kg,Na2O,50.9,1
2024,Beeswax Dyson Farming Ltd,Beeswax Dyson Farming Ltd,Completed,Nocton Farms,LN4 2AB,Stubton Farm Block,Bottom/Top Simons,Bottom/Top Simons.B,B,18.84,SK8851,8636,125,Bottom/Top Simons,Rape Winter,LG Adeline,45148,Kalfos,18.84,509.047,18.84,509.047,9590.437,kg,P2O5,122.17,1
2024,Beeswax Dyson Farming Ltd,Beeswax Dyson Farming Ltd,Completed,Nocton Farms,LN4 2AB,Stubton Farm Block,Bottom/Top Simons,Bottom/Top Simons.B,B,18.84,SK8851,8636,125,Bottom/Top Simons,Rape Winter,LG Adeline,45148,Kalfos,18.84,509.047,18.84,509.047,9590.437,kg,SO3,30.54,1
2024,Beeswax Dyson Farming Ltd,Beeswax Dyson Farming Ltd,Completed,Nocton Farms,LN4 2AB,Stubton Farm Block,Concrete Field,Concrete Field.C,C,4.81,SK8851,6301,138,Concrete Field,Rape Winter,LG Adeline,45148,Kalfos,4.81,509.047,4.81,509.047,2448.514,kg,CaO,167.99,1
2024,Beeswax Dyson Farming Ltd,Beeswax Dyson Farming Ltd,Completed,Nocton Farms,LN4 2AB,Stubton Farm Block,Concrete Field,Concrete Field.C,C,4.81,SK8851,6301,138,Concrete Field,Rape Winter,LG Adeline,45148,Kalfos,4.81,509.047,4.81,509.047,2448.514,kg,K2O,20.36,1
2024,Beeswax Dyson Farming Ltd,Beeswax Dyson Farming Ltd,Completed,Nocton Farms,LN4 2AB,Stubton Farm Block,Concrete Field,Concrete Field.C,C,4.81,SK8851,6301,138,Concrete Field,Rape Winter,LG Adeline,45148,Kalfos,4.81,509.047,4.81,509.047,2448.514,kg,MgO,5.09,1
2024,Beeswax Dyson Farming Ltd,Beeswax Dyson Farming Ltd,Completed,Nocton Farms,LN4 2AB,Stubton Farm Block,Concrete Field,Concrete Field.C,C,4.81,SK8851,6301,138,Concrete Field,Rape Winter,LG Adeline,45148,Kalfos,4.81,509.047,4.81,509.047,2448.514,kg,Na2O,50.9,1
2024,Beeswax Dyson Farming Ltd,Beeswax Dyson Farming Ltd,Completed,Nocton Farms,LN4 2AB,Stubton Farm Block,Concrete Field,Concrete Field.C,C,4.81,SK8851,6301,138,Concrete Field,Rape Winter,LG Adeline,45148,Kalfos,4.81,509.047,4.81,509.047,2448.514,kg,P2O5,122.17,1
2024,Beeswax Dyson Farming Ltd,Beeswax Dyson Farming Ltd,Completed,Nocton Farms,LN4 2AB,Stubton Farm Block,Concrete Field,Concrete Field.C,C,4.81,SK8851,6301,138,Concrete Field,Rape Winter,LG Adeline,45148,Kalfos,4.81,509.047,4.81,509.047,2448.514,kg,SO3,30.54,1
2024,Beeswax Dyson Farming Ltd,Beeswax Dyson Farming Ltd,Completed,Nocton Farms,LN4 2AB,Stubton Farm Block,North 20ac,North 20ac.B,B,7.26,SK8951,294,247,North 20ac,Rape Winter,LG Adeline,45148,Kalfos,7.26,509.047,7.26,509.047,3695.678,kg,CaO,167.99,1
2024,Beeswax Dyson Farming Ltd,Beeswax Dyson Farming Ltd,Completed,Nocton Farms,LN4 2AB,Stubton Farm Block,North 20ac,North 20ac.B,B,7.26,SK8951,294,247,North 20ac,Rape Winter,LG Adeline,45148,Kalfos,7.26,509.047,7.26,509.047,3695.678,kg,K2O,20.36,1
2024,Beeswax Dyson Farming Ltd,Beeswax Dyson Farming Ltd,Completed,Nocton Farms,LN4 2AB,Stubton Farm Block,North 20ac,North 20ac.B,B,7.26,SK8951,294,247,North 20ac,Rape Winter,LG Adeline,45148,Kalfos,7.26,509.047,7.26,509.047,3695.678,kg,MgO,5.09,1
2024,Beeswax Dyson Farming Ltd,Beeswax Dyson Farming Ltd,Completed,Nocton Farms,LN4 2AB,Stubton Farm Block,North 20ac,North 20ac.B,B,7.26,SK8951,294,247,North 20ac,Rape Winter,LG Adeline,45148,Kalfos,7.26,509.047,7.26,509.047,3695.678,kg,Na2O,50.9,1
2024,Beeswax Dyson Farming Ltd,Beeswax Dyson Farming Ltd,Completed,Nocton Farms,LN4 2AB,Stubton Farm Block,North 20ac,North 20ac.B,B,7.26,SK8951,294,247,North 20ac,Rape Winter,LG Adeline,45148,Kalfos,7.26,509.047,7.26,509.047,3695.678,kg,P2O5,122.17,1
2024,Beeswax Dyson Farming Ltd,Beeswax Dyson Farming Ltd,Completed,Nocton Farms,LN4 2AB,Stubton Farm Block,North 20ac,North 20ac.B,B,7.26,SK8951,294,247,North 20ac,Rape Winter,LG Adeline,45148,Kalfos,7.26,509.047,7.26,509.047,3695.678,kg,SO3,30.54,1
2024,Beeswax Dyson Farming Ltd,Beeswax Dyson Farming Ltd,Completed,Nocton Farms,LN4 2AB,Stubton Farm Block,North Field,North Field.B,B,30.92,SK8851,3826,249,,Rape Winter,LG Adeline,45148,Kalfos,30.92,509.047,30.92,509.047,15739.72,kg,CaO,167.99,1
2024,Beeswax Dyson Farming Ltd,Beeswax Dyson Farming Ltd,Completed,Nocton Farms,LN4 2AB,Stubton Farm Block,North Field,North Field.B,B,30.92,SK8851,3826,249,,Rape Winter,LG Adeline,45148,Kalfos,30.92,509.047,30.92,509.047,15739.72,kg,K2O,20.36,1
2024,Beeswax Dyson Farming Ltd,Beeswax Dyson Farming Ltd,Completed,Nocton Farms,LN4 2AB,Stubton Farm Block,North Field,North Field.B,B,30.92,SK8851,3826,249,,Rape Winter,LG Adeline,45148,Kalfos,30.92,509.047,30.92,509.047,15739.72,kg,MgO,5.09,1
2024,Beeswax Dyson Farming Ltd,Beeswax Dyson Farming Ltd,Completed,Nocton Farms,LN4 2AB,Stubton Farm Block,North Field,North Field.B,B,30.92,SK8851,3826,249,,Rape Winter,LG Adeline,45148,Kalfos,30.92,509.047,30.92,509.047,15739.72,kg,Na2O,50.9,1
2024,Beeswax Dyson Farming Ltd,Beeswax Dyson Farming Ltd,Completed,Nocton Farms,LN4 2AB,Stubton Farm Block,North Field,North Field.B,B,30.92,SK8851,3826,249,,Rape Winter,LG Adeline,45148,Kalfos,30.92,509.047,30.92,509.047,15739.72,kg,P2O5,122.17,1
2024,Beeswax Dyson Farming Ltd,Beeswax Dyson Farming Ltd,Completed,Nocton Farms,LN4 2AB,Stubton Farm Block,North Field,North Field.B,B,30.92,SK8851,3826,249,,Rape Winter,LG Adeline,45148,Kalfos,30.92,509.047,30.92,509.047,15739.72,kg,SO3,30.54,1
2024,Beeswax Dyson Farming Ltd,Beeswax Dyson Farming Ltd,Completed,Nocton Farms,LN4 2AB,Stubton Farm Block,Balloon Field,Balloon Field.B,B,18.84,SK8849,764,110,Balloon Field,Wheat Winter,Crusoe,45463,Nufol,18.84,0.21,18.84,0.21,3.962,m3,N,42.06,2
2024,Beeswax Dyson Farming Ltd,Beeswax Dyson Farming Ltd,Completed,Nocton Farms,LN4 2AB,Stubton Farm Block,Brandon Field,Brandon Field.B,B,13.7,SK8947,9181,126,Brandon Field,Wheat Spring,Nissaba,45483,Nufol,13.7,0.21,13.7,0.21,2.881,m3,N,42.06,2
2024,Beeswax Dyson Farming Ltd,Beeswax Dyson Farming Ltd,Completed,Nocton Farms,LN4 2AB,Stubton Farm Block,Bridge Field Stub,Bridge Field Stub.B,B,29.9,SK8948,4604,127,Bridge Field Stub,Wheat Spring,KWS Cochise,45483,Nufol,29.9,0.21,29.9,0.21,6.287,m3,N,42.06,1
2024,Beeswax Dyson Farming Ltd,Beeswax Dyson Farming Ltd,Completed,Nocton Farms,LN4 2AB,Stubton Farm Block,Conifer Field,Conifer Field.C,C,21.42,SK8749,9636,139,Conifer Field,Wheat Winter,Crusoe,45463,Nufol,21.42,0.21,21.42,0.21,4.504,m3,N,42.06,2
2024,Beeswax Dyson Farming Ltd,Beeswax Dyson Farming Ltd,Completed,Nocton Farms,LN4 2AB,Stubton Farm Block,England Field,England Field.C,C,30.92,SK8850,7215,166,England Field,Wheat Winter,Crusoe,45463,Nufol,30.92,0.21,30.92,0.21,6.502,m3,N,42.06,2
2024,Beeswax Dyson Farming Ltd,Beeswax Dyson Farming Ltd,Completed,Nocton Farms,LN4 2AB,Stubton Farm Block,Little Gates,Little Gates.C,C,41.1,SK8748,9425,225,,Wheat Winter,KWS Extase,45463,Nufol,41.1,0.21,41.1,0.21,8.643,m3,N,42.06,2
2024,Beeswax Dyson Farming Ltd,Beeswax Dyson Farming Ltd,Completed,Nocton Farms,LN4 2AB,Stubton Farm Block,Long Field (Stubton),Long Field (Stubton).B,B,30.88,SK8850,4818,228,,Wheat Winter,Crusoe,45463,Nufol,30.88,0.21,30.88,0.21,6.494,m3,N,42.06,2
2024,Beeswax Dyson Farming Ltd,Beeswax Dyson Farming Ltd,Completed,Nocton Farms,LN4 2AB,Stubton Farm Block,Middle Field,Middle Field.C,C,22.02,SK8750,9738,236,,Wheat Winter,Crusoe,45463,Nufol,22.02,0.21,22.02,0.21,4.63,m3,N,42.06,2
2024,Beeswax Dyson Farming Ltd,Beeswax Dyson Farming Ltd,Completed,Nocton Farms,LN4 2AB,Stubton Farm Block,Rectory,Rectory.B,B,17.33,SK8748,6143,262,,Wheat Winter,KWS Extase,45463,Nufol,17.33,0.21,17.33,0.21,3.644,m3,N,42.06,2
2024,Beeswax Dyson Farming Ltd,Beeswax Dyson Farming Ltd,Completed,Nocton Farms,LN4 2AB,Stubton Farm Block,Rookery,Rookery.B,B,13.34,SK8749,9194,264,,Wheat Winter,Crusoe,45463,Nufol,13.34,0.21,13.34,0.21,2.805,m3,N,42.06,2
2024,Beeswax Dyson Farming Ltd,Beeswax Dyson Farming Ltd,Completed,Nocton Farms,LN4 2AB,Stubton Farm Block,Village Field,Village Field.B,B,9.44,SK8850,3266,315,,Wheat Winter,Crusoe,45463,Nufol,9.44,0.21,9.44,0.21,1.985,m3,N,42.06,2
2024,Beeswax Dyson Farming Ltd,Beeswax Dyson Farming Ltd,Completed,Nocton Farms,LN4 2AB,Stubton Farm Block,Warren,Warren.B,B,13.27,SK8948,331,322,,Wheat Spring,Nissaba,45483,Nufol,13.27,0.21,13.27,0.21,2.79,m3,N,42.06,1
2024,Beeswax Dyson Farming Ltd,Beeswax Dyson Farming Ltd,Completed,Nocton Farms,LN4 2AB,Stubton Farm Block,Wedding Field,Wedding Field.B,B,5.9,SK8849,7054,323,,Wheat Winter,Crusoe,45463,Nufol,5.9,0.21,5.9,0.21,1.241,m3,N,42.06,2
2024,Beeswax Dyson Farming Ltd,Beeswax Dyson Farming Ltd,Completed,Nocton Farms,LN4 2AB,Stubton Farm Block,Balloon Field,Balloon Field.B,B,18.84,SK8849,764,110,Balloon Field,Wheat Winter,Crusoe,45323,Nuram N35s,18.84,0.144,18.84,0.144,2.716,m3,N,50.46,2
2024,Beeswax Dyson Farming Ltd,Beeswax Dyson Farming Ltd,Completed,Nocton Farms,LN4 2AB,Stubton Farm Block,Balloon Field,Balloon Field.B,B,18.84,SK8849,764,110,Balloon Field,Wheat Winter,Crusoe,45323,Nuram N35s,18.84,0.144,18.84,0.144,2.716,m3,SO3,7.21,2
2024,Beeswax Dyson Farming Ltd,Beeswax Dyson Farming Ltd,Completed,Nocton Farms,LN4 2AB,Stubton Farm Block,Balloon Field,Balloon Field.B,B,18.84,SK8849,764,110,Balloon Field,Wheat Winter,Crusoe,45371,Nuram N35s,18.84,0.283,18.84,0.283,5.338,m3,N,99.16,2
2024,Beeswax Dyson Farming Ltd,Beeswax Dyson Farming Ltd,Completed,Nocton Farms,LN4 2AB,Stubton Farm Block,Balloon Field,Balloon Field.B,B,18.84,SK8849,764,110,Balloon Field,Wheat Winter,Crusoe,45371,Nuram N35s,18.84,0.283,18.84,0.283,5.338,m3,SO3,14.17,2
2024,Beeswax Dyson Farming Ltd,Beeswax Dyson Farming Ltd,Completed,Nocton Farms,LN4 2AB,Stubton Farm Block,Brandon Field,Brandon Field.B,B,13.7,SK8947,9181,126,Brandon Field,Wheat Spring,Nissaba,45360,Nuram N35s,13.7,0.288,13.7,0.288,3.95,m3,N,100.91,2
2024,Beeswax Dyson Farming Ltd,Beeswax Dyson Farming Ltd,Completed,Nocton Farms,LN4 2AB,Stubton Farm Block,Brandon Field,Brandon Field.B,B,13.7,SK8947,9181,126,Brandon Field,Wheat Spring,Nissaba,45360,Nuram N35s,13.7,0.288,13.7,0.288,3.95,m3,SO3,14.42,2
2024,Beeswax Dyson Farming Ltd,Beeswax Dyson Farming Ltd,Completed,Nocton Farms,LN4 2AB,Stubton Farm Block,Brandon Field,Brandon Field.B,B,13.7,SK8947,9181,126,Brandon Field,Wheat Spring,Nissaba,45408,Nuram N35s,13.7,0.144,13.7,0.144,1.975,m3,N,50.47,2
2024,Beeswax Dyson Farming Ltd,Beeswax Dyson Farming Ltd,Completed,Nocton Farms,LN4 2AB,Stubton Farm Block,Brandon Field,Brandon Field.B,B,13.7,SK8947,9181,126,Brandon Field,Wheat Spring,Nissaba,45408,Nuram N35s,13.7,0.144,13.7,0.144,1.975,m3,SO3,7.21,2
2024,Beeswax Dyson Farming Ltd,Beeswax Dyson Farming Ltd,Completed,Nocton Farms,LN4 2AB,Stubton Farm Block,Bridge Field Stub,Bridge Field Stub.B,B,29.9,SK8948,4604,127,Bridge Field Stub,Wheat Spring,KWS Cochise,45360,Nuram N35s,29.9,0.288,29.9,0.288,8.62,m3,N,100.91,1
2024,Beeswax Dyson Farming Ltd,Beeswax Dyson Farming Ltd,Completed,Nocton Farms,LN4 2AB,Stubton Farm Block,Bridge Field Stub,Bridge Field Stub.B,B,29.9,SK8948,4604,127,Bridge Field Stub,Wheat Spring,KWS Cochise,45360,Nuram N35s,29.9,0.288,29.9,0.288,8.62,m3,SO3,14.42,1
2024,Beeswax Dyson Farming Ltd,Beeswax Dyson Farming Ltd,Completed,Nocton Farms,LN4 2AB,Stubton Farm Block,Bridge Field Stub,Bridge Field Stub.B,B,29.9,SK8948,4604,127,Bridge Field Stub,Wheat Spring,KWS Cochise,45408,Nuram N35s,29.9,0.144,29.9,0.144,4.311,m3,N,50.46,1
2024,Beeswax Dyson Farming Ltd,Beeswax Dyson Farming Ltd,Completed,Nocton Farms,LN4 2AB,Stubton Farm Block,Bridge Field Stub,Bridge Field Stub.B,B,29.9,SK8948,4604,127,Bridge Field Stub,Wheat Spring,KWS Cochise,45408,Nuram N35s,29.9,0.144,29.9,0.144,4.311,m3,SO3,7.21,1
2024,Beeswax Dyson Farming Ltd,Beeswax Dyson Farming Ltd,Completed,Nocton Farms,LN4 2AB,Stubton Farm Block,Bullock Field,Bullock Field.B,B,21.56,SK8949,6209,128,Bullock Field,Sugar Beet,Button,45408,Nuram N35s,21.56,0.283,21.56,0.283,6.109,m3,N,99.18,1
2024,Beeswax Dyson Farming Ltd,Beeswax Dyson Farming Ltd,Completed,Nocton Farms,LN4 2AB,Stubton Farm Block,Bullock Field,Bullock Field.B,B,21.56,SK8949,6209,128,Bullock Field,Sugar Beet,Button,45408,Nuram N35s,21.56,0.283,21.56,0.283,6.109,m3,SO3,14.17,1
2024,Beeswax Dyson Farming Ltd,Beeswax Dyson Farming Ltd,Completed,Nocton Farms,LN4 2AB,Stubton Farm Block,Conifer Field,Conifer Field.C,C,21.42,SK8749,9636,139,Conifer Field,Wheat Winter,Crusoe,45323,Nuram N35s,21.42,0.144,21.42,0.144,3.088,m3,N,50.46,2
2024,Beeswax Dyson Farming Ltd,Beeswax Dyson Farming Ltd,Completed,Nocton Farms,LN4 2AB,Stubton Farm Block,Conifer Field,Conifer Field.C,C,21.42,SK8749,9636,139,Conifer Field,Wheat Winter,Crusoe,45323,Nuram N35s,21.42,0.144,21.42,0.144,3.088,m3,SO3,7.21,2
2024,Beeswax Dyson Farming Ltd,Beeswax Dyson Farming Ltd,Completed,Nocton Farms,LN4 2AB,Stubton Farm Block,Conifer Field,Conifer Field.C,C,21.42,SK8749,9636,139,Conifer Field,Wheat Winter,Crusoe,45370,Nuram N35s,21.42,0.283,21.42,0.283,6.069,m3,N,99.17,2
2024,Beeswax Dyson Farming Ltd,Beeswax Dyson Farming Ltd,Completed,Nocton Farms,LN4 2AB,Stubton Farm Block,Conifer Field,Conifer Field.C,C,21.42,SK8749,9636,139,Conifer Field,Wheat Winter,Crusoe,45370,Nuram N35s,21.42,0.283,21.42,0.283,6.069,m3,SO3,14.17,2
2024,Beeswax Dyson Farming Ltd,Beeswax Dyson Farming Ltd,Completed,Nocton Farms,LN4 2AB,Stubton Farm Block,Cow Field,Cow Field.B,B,41.1,SK8949,1806,142,Cow Field,Maize Forage,Resolute,45426,Nuram N35s,41.1,0.121,41.1,0.121,4.982,m3,N,42.43,1
2024,Beeswax Dyson Farming Ltd,Beeswax Dyson Farming Ltd,Completed,Nocton Farms,LN4 2AB,Stubton Farm Block,Cow Field,Cow Field.B,B,41.1,SK8949,1806,142,Cow Field,Maize Forage,Resolute,45426,Nuram N35s,41.1,0.121,41.1,0.121,4.982,m3,SO3,6.06,1
2024,Beeswax Dyson Farming Ltd,Beeswax Dyson Farming Ltd,Completed,Nocton Farms,LN4 2AB,Stubton Farm Block,Dryer Field,Dryer Field.B,B,15.93,SK8849,6421,163,Dryer Field,Sugar Beet,Button,45408,Nuram N35s,15.93,0.234,15.93,0.234,3.722,m3,N,81.77,1
2024,Beeswax Dyson Farming Ltd,Beeswax Dyson Farming Ltd,Completed,Nocton Farms,LN4 2AB,Stubton Farm Block,Dryer Field,Dryer Field.B,B,15.93,SK8849,6421,163,Dryer Field,Sugar Beet,Button,45408,Nuram N35s,15.93,0.234,15.93,0.234,3.722,m3,SO3,11.68,1
2024,Beeswax Dyson Farming Ltd,Beeswax Dyson Farming Ltd,Completed,Nocton Farms,LN4 2AB,Stubton Farm Block,England Field,England Field.C,C,30.92,SK8850,7215,166,England Field,Wheat Winter,Crusoe,45323,Nuram N35s,30.92,0.144,30.92,0.144,4.457,m3,N,50.45,2
2024,Beeswax Dyson Farming Ltd,Beeswax Dyson Farming Ltd,Completed,Nocton Farms,LN4 2AB,Stubton Farm Block,England Field,England Field.C,C,30.92,SK8850,7215,166,England Field,Wheat Winter,Crusoe,45323,Nuram N35s,30.92,0.144,30.92,0.144,4.457,m3,SO3,7.21,2
2024,Beeswax Dyson Farming Ltd,Beeswax Dyson Farming Ltd,Completed,Nocton Farms,LN4 2AB,Stubton Farm Block,England Field,England Field.C,C,30.92,SK8850,7215,166,England Field,Wheat Winter,Crusoe,45370,Nuram N35s,30.92,0.283,30.92,0.283,8.761,m3,N,99.17,2
2024,Beeswax Dyson Farming Ltd,Beeswax Dyson Farming Ltd,Completed,Nocton Farms,LN4 2AB,Stubton Farm Block,England Field,England Field.C,C,30.92,SK8850,7215,166,England Field,Wheat Winter,Crusoe,45370,Nuram N35s,30.92,0.283,30.92,0.283,8.761,m3,SO3,14.17,2
2024,Beeswax Dyson Farming Ltd,Beeswax Dyson Farming Ltd,Completed,Nocton Farms,LN4 2AB,Stubton Farm Block,Gorse Field,Gorse Field.B,B,16.36,SK8949,6185,197,,Oats Winter,Mascani,45323,Nuram N35s,16.36,0.229,16.36,0.229,3.741,m3,N,80.04,1
2024,Beeswax Dyson Farming Ltd,Beeswax Dyson Farming Ltd,Completed,Nocton Farms,LN4 2AB,Stubton Farm Block,Gorse Field,Gorse Field.B,B,16.36,SK8949,6185,197,,Oats Winter,Mascani,45323,Nuram N35s,16.36,0.229,16.36,0.229,3.741,m3,SO3,11.43,1
2024,Beeswax Dyson Farming Ltd,Beeswax Dyson Farming Ltd,Completed,Nocton Farms,LN4 2AB,Stubton Farm Block,Grahams Field,Grahams Field.B,B,2.53,SK8848,8556,198,,Rye Winter,KWS Tayo,45310,Nuram N35s,2.53,0.229,2.53,0.229,0.579,m3,N,80.04,1
2024,Beeswax Dyson Farming Ltd,Beeswax Dyson Farming Ltd,Completed,Nocton Farms,LN4 2AB,Stubton Farm Block,Grahams Field,Grahams Field.B,B,2.53,SK8848,8556,198,,Rye Winter,KWS Tayo,45310,Nuram N35s,2.53,0.229,2.53,0.229,0.579,m3,SO3,11.43,1
2024,Beeswax Dyson Farming Ltd,Beeswax Dyson Farming Ltd,Completed,Nocton Farms,LN4 2AB,Stubton Farm Block,Grahams Field,Grahams Field.B,B,2.53,SK8848,8556,198,,Rye Winter,KWS Tayo,45378,Nuram N35s,2.53,0.229,2.53,0.229,0.579,m3,N,80.04,1
2024,Beeswax Dyson Farming Ltd,Beeswax Dyson Farming Ltd,Completed,Nocton Farms,LN4 2AB,Stubton Farm Block,Grahams Field,Grahams Field.B,B,2.53,SK8848,8556,198,,Rye Winter,KWS Tayo,45378,Nuram N35s,2.53,0.229,2.53,0.229,0.579,m3,SO3,11.43,1
2024,Beeswax Dyson Farming Ltd,Beeswax Dyson Farming Ltd,Completed,Nocton Farms,LN4 2AB,Stubton Farm Block,Green Walk,Green Walk.B,B,4.22,SK8849,2707,199,,Sugar Beet,Button,45408,Nuram N35s,4.22,0.283,4.22,0.283,1.196,m3,N,99.19,1
2024,Beeswax Dyson Farming Ltd,Beeswax Dyson Farming Ltd,Completed,Nocton Farms,LN4 2AB,Stubton Farm Block,Green Walk,Green Walk.B,B,4.22,SK8849,2707,199,,Sugar Beet,Button,45408,Nuram N35s,4.22,0.283,4.22,0.283,1.196,m3,SO3,14.17,1
2024,Beeswax Dyson Farming Ltd,Beeswax Dyson Farming Ltd,Completed,Nocton Farms,LN4 2AB,Stubton Farm Block,Lane Field,Lane Field.B,B,12.06,SK9049,1464,218,,Sugar Beet,Button,45408,Nuram N35s,12.06,0.283,12.06,0.283,3.417,m3,N,99.17,1
2024,Beeswax Dyson Farming Ltd,Beeswax Dyson Farming Ltd,Completed,Nocton Farms,LN4 2AB,Stubton Farm Block,Lane Field,Lane Field.B,B,12.06,SK9049,1464,218,,Sugar Beet,Button,45408,Nuram N35s,12.06,0.283,12.06,0.283,3.417,m3,SO3,14.17,1
2024,Beeswax Dyson Farming Ltd,Beeswax Dyson Farming Ltd,Completed,Nocton Farms,LN4 2AB,Stubton Farm Block,Lillies Meadow,Lillies Meadow.B,B,6.72,SK8947,1490,224,,Rye Winter,KWS Tayo,45310,Nuram N35s,6.72,0.229,6.72,0.229,1.537,m3,N,80.04,1
2024,Beeswax Dyson Farming Ltd,Beeswax Dyson Farming Ltd,Completed,Nocton Farms,LN4 2AB,Stubton Farm Block,Lillies Meadow,Lillies Meadow.B,B,6.72,SK8947,1490,224,,Rye Winter,KWS Tayo,45310,Nuram N35s,6.72,0.229,6.72,0.229,1.537,m3,SO3,11.43,1
2024,Beeswax Dyson Farming Ltd,Beeswax Dyson Farming Ltd,Completed,Nocton Farms,LN4 2AB,Stubton Farm Block,Lillies Meadow,Lillies Meadow.B,B,6.72,SK8947,1490,224,,Rye Winter,KWS Tayo,45378,Nuram N35s,6.72,0.229,6.72,0.229,1.537,m3,N,80.04,1
2024,Beeswax Dyson Farming Ltd,Beeswax Dyson Farming Ltd,Completed,Nocton Farms,LN4 2AB,Stubton Farm Block,Lillies Meadow,Lillies Meadow.B,B,6.72,SK8947,1490,224,,Rye Winter,KWS Tayo,45378,Nuram N35s,6.72,0.229,6.72,0.229,1.537,m3,SO3,11.43,1
2024,Beeswax Dyson Farming Ltd,Beeswax Dyson Farming Ltd,Completed,Nocton Farms,LN4 2AB,Stubton Farm Block,Little Gates,Little Gates.C,C,41.1,SK8748,9425,225,,Wheat Winter,KWS Extase,45323,Nuram N35s,41.1,0.144,41.1,0.144,5.925,m3,N,50.46,2
2024,Beeswax Dyson Farming Ltd,Beeswax Dyson Farming Ltd,Completed,Nocton Farms,LN4 2AB,Stubton Farm Block,Little Gates,Little Gates.C,C,41.1,SK8748,9425,225,,Wheat Winter,KWS Extase,45323,Nuram N35s,41.1,0.144,41.1,0.144,5.925,m3,SO3,7.21,2
2024,Beeswax Dyson Farming Ltd,Beeswax Dyson Farming Ltd,Completed,Nocton Farms,LN4 2AB,Stubton Farm Block,Little Gates,Little Gates.C,C,41.1,SK8748,9425,225,,Wheat Winter,KWS Extase,45371,Nuram N35s,41.1,0.283,41.1,0.283,11.646,m3,N,99.17,2
2024,Beeswax Dyson Farming Ltd,Beeswax Dyson Farming Ltd,Completed,Nocton Farms,LN4 2AB,Stubton Farm Block,Little Gates,Little Gates.C,C,41.1,SK8748,9425,225,,Wheat Winter,KWS Extase,45371,Nuram N35s,41.1,0.283,41.1,0.283,11.646,m3,SO3,14.17,2
2024,Beeswax Dyson Farming Ltd,Beeswax Dyson Farming Ltd,Completed,Nocton Farms,LN4 2AB,Stubton Farm Block,Little Gates,Little Gates.C,C,41.1,SK8748,9425,225,,Wheat Winter,KWS Extase,45422,Nuram N35s,41.1,0.229,41.1,0.229,9.398,m3,N,80.03,2
2024,Beeswax Dyson Farming Ltd,Beeswax Dyson Farming Ltd,Completed,Nocton Farms,LN4 2AB,Stubton Farm Block,Little Gates,Little Gates.C,C,41.1,SK8748,9425,225,,Wheat Winter,KWS Extase,45422,Nuram N35s,41.1,0.229,41.1,0.229,9.398,m3,SO3,11.43,2
2024,Beeswax Dyson Farming Ltd,Beeswax Dyson Farming Ltd,Completed,Nocton Farms,LN4 2AB,Stubton Farm Block,Long Field (Stubton),Long Field (Stubton).B,B,30.88,SK8850,4818,228,,Wheat Winter,Crusoe,45323,Nuram N35s,30.88,0.144,30.88,0.144,4.452,m3,N,50.46,2
2024,Beeswax Dyson Farming Ltd,Beeswax Dyson Farming Ltd,Completed,Nocton Farms,LN4 2AB,Stubton Farm Block,Long Field (Stubton),Long Field (Stubton).B,B,30.88,SK8850,4818,228,,Wheat Winter,Crusoe,45323,Nuram N35s,30.88,0.144,30.88,0.144,4.452,m3,SO3,7.21,2
2024,Beeswax Dyson Farming Ltd,Beeswax Dyson Farming Ltd,Completed,Nocton Farms,LN4 2AB,Stubton Farm Block,Long Field (Stubton),Long Field (Stubton).B,B,30.88,SK8850,4818,228,,Wheat Winter,Crusoe,45370,Nuram N35s,30.88,0.283,30.88,0.283,8.75,m3,N,99.17,2
2024,Beeswax Dyson Farming Ltd,Beeswax Dyson Farming Ltd,Completed,Nocton Farms,LN4 2AB,Stubton Farm Block,Long Field (Stubton),Long Field (Stubton).B,B,30.88,SK8850,4818,228,,Wheat Winter,Crusoe,45370,Nuram N35s,30.88,0.283,30.88,0.283,8.75,m3,SO3,14.17,2
2024,Beeswax Dyson Farming Ltd,Beeswax Dyson Farming Ltd,Completed,Nocton Farms,LN4 2AB,Stubton Farm Block,Long Field (Stubton),Long Field (Stubton).B,B,30.88,SK8850,4818,228,,Wheat Winter,Crusoe,45422,Nuram N35s,30.88,0.229,30.88,0.229,7.061,m3,N,80.03,2
2024,Beeswax Dyson Farming Ltd,Beeswax Dyson Farming Ltd,Completed,Nocton Farms,LN4 2AB,Stubton Farm Block,Long Field (Stubton),Long Field (Stubton).B,B,30.88,SK8850,4818,228,,Wheat Winter,Crusoe,45422,Nuram N35s,30.88,0.229,30.88,0.229,7.061,m3,SO3,11.43,2
2024,Beeswax Dyson Farming Ltd,Beeswax Dyson Farming Ltd,Completed,Nocton Farms,LN4 2AB,Stubton Farm Block,Middle Field,Middle Field.C,C,22.02,SK8750,9738,236,,Wheat Winter,Crusoe,45323,Nuram N35s,22.02,0.144,22.02,0.144,3.174,m3,N,50.46,2
2024,Beeswax Dyson Farming Ltd,Beeswax Dyson Farming Ltd,Completed,Nocton Farms,LN4 2AB,Stubton Farm Block,Middle Field,Middle Field.C,C,22.02,SK8750,9738,236,,Wheat Winter,Crusoe,45323,Nuram N35s,22.02,0.144,22.02,0.144,3.174,m3,SO3,7.21,2
2024,Beeswax Dyson Farming Ltd,Beeswax Dyson Farming Ltd,Completed,Nocton Farms,LN4 2AB,Stubton Farm Block,Middle Field,Middle Field.C,C,22.02,SK8750,9738,236,,Wheat Winter,Crusoe,45370,Nuram N35s,22.02,0.283,22.02,0.283,6.24,m3,N,99.17,2
2024,Beeswax Dyson Farming Ltd,Beeswax Dyson Farming Ltd,Completed,Nocton Farms,LN4 2AB,Stubton Farm Block,Middle Field,Middle Field.C,C,22.02,SK8750,9738,236,,Wheat Winter,Crusoe,45370,Nuram N35s,22.02,0.283,22.02,0.283,6.24,m3,SO3,14.17,2
2024,Beeswax Dyson Farming Ltd,Beeswax Dyson Farming Ltd,Completed,Nocton Farms,LN4 2AB,Stubton Farm Block,Middle Field,Middle Field.C,C,22.02,SK8750,9738,236,,Wheat Winter,Crusoe,45422,Nuram N35s,22.02,0.229,22.02,0.229,5.035,m3,N,80.03,2
2024,Beeswax Dyson Farming Ltd,Beeswax Dyson Farming Ltd,Completed,Nocton Farms,LN4 2AB,Stubton Farm Block,Middle Field,Middle Field.C,C,22.02,SK8750,9738,236,,Wheat Winter,Crusoe,45422,Nuram N35s,22.02,0.229,22.02,0.229,5.035,m3,SO3,11.43,2
2024,Beeswax Dyson Farming Ltd,Beeswax Dyson Farming Ltd,Completed,Nocton Farms,LN4 2AB,Stubton Farm Block,Modder,Modder.C,C,13.42,SK8848,6325,240,,Rye Winter,KWS Tayo,45310,Nuram N35s,13.42,0.229,13.42,0.229,3.069,m3,N,80.04,1
2024,Beeswax Dyson Farming Ltd,Beeswax Dyson Farming Ltd,Completed,Nocton Farms,LN4 2AB,Stubton Farm Block,Modder,Modder.C,C,13.42,SK8848,6325,240,,Rye Winter,KWS Tayo,45310,Nuram N35s,13.42,0.229,13.42,0.229,3.069,m3,SO3,11.43,1
2024,Beeswax Dyson Farming Ltd,Beeswax Dyson Farming Ltd,Completed,Nocton Farms,LN4 2AB,Stubton Farm Block,Modder,Modder.C,C,13.42,SK8848,6325,240,,Rye Winter,KWS Tayo,45378,Nuram N35s,13.42,0.229,13.42,0.229,3.069,m3,N,80.04,1
2024,Beeswax Dyson Farming Ltd,Beeswax Dyson Farming Ltd,Completed,Nocton Farms,LN4 2AB,Stubton Farm Block,Modder,Modder.C,C,13.42,SK8848,6325,240,,Rye Winter,KWS Tayo,45378,Nuram N35s,13.42,0.229,13.42,0.229,3.069,m3,SO3,11.43,1
2024,Beeswax Dyson Farming Ltd,Beeswax Dyson Farming Ltd,Completed,Nocton Farms,LN4 2AB,Stubton Farm Block,Rectory,Rectory.B,B,17.33,SK8748,6143,262,,Wheat Winter,KWS Extase,45323,Nuram N35s,17.33,0.144,17.33,0.144,2.498,m3,N,50.46,2
2024,Beeswax Dyson Farming Ltd,Beeswax Dyson Farming Ltd,Completed,Nocton Farms,LN4 2AB,Stubton Farm Block,Rectory,Rectory.B,B,17.33,SK8748,6143,262,,Wheat Winter,KWS Extase,45323,Nuram N35s,17.33,0.144,17.33,0.144,2.498,m3,SO3,7.21,2
2024,Beeswax Dyson Farming Ltd,Beeswax Dyson Farming Ltd,Completed,Nocton Farms,LN4 2AB,Stubton Farm Block,Rectory,Rectory.B,B,17.33,SK8748,6143,262,,Wheat Winter,KWS Extase,45371,Nuram N35s,17.33,0.283,17.33,0.283,4.91,m3,N,99.17,2
2024,Beeswax Dyson Farming Ltd,Beeswax Dyson Farming Ltd,Completed,Nocton Farms,LN4 2AB,Stubton Farm Block,Rectory,Rectory.B,B,17.33,SK8748,6143,262,,Wheat Winter,KWS Extase,45371,Nuram N35s,17.33,0.283,17.33,0.283,4.91,m3,SO3,14.17,2
2024,Beeswax Dyson Farming Ltd,Beeswax Dyson Farming Ltd,Completed,Nocton Farms,LN4 2AB,Stubton Farm Block,Rectory,Rectory.B,B,17.33,SK8748,6143,262,,Wheat Winter,KWS Extase,45422,Nuram N35s,17.33,0.229,17.33,0.229,3.963,m3,N,80.03,2
2024,Beeswax Dyson Farming Ltd,Beeswax Dyson Farming Ltd,Completed,Nocton Farms,LN4 2AB,Stubton Farm Block,Rectory,Rectory.B,B,17.33,SK8748,6143,262,,Wheat Winter,KWS Extase,45422,Nuram N35s,17.33,0.229,17.33,0.229,3.963,m3,SO3,11.43,2
2024,Beeswax Dyson Farming Ltd,Beeswax Dyson Farming Ltd,Completed,Nocton Farms,LN4 2AB,Stubton Farm Block,Rookery,Rookery.B,B,13.34,SK8749,9194,264,,Wheat Winter,Crusoe,45323,Nuram N35s,13.34,0.144,13.34,0.144,1.923,m3,N,50.45,2
2024,Beeswax Dyson Farming Ltd,Beeswax Dyson Farming Ltd,Completed,Nocton Farms,LN4 2AB,Stubton Farm Block,Rookery,Rookery.B,B,13.34,SK8749,9194,264,,Wheat Winter,Crusoe,45323,Nuram N35s,13.34,0.144,13.34,0.144,1.923,m3,SO3,7.21,2
2024,Beeswax Dyson Farming Ltd,Beeswax Dyson Farming Ltd,Completed,Nocton Farms,LN4 2AB,Stubton Farm Block,Rookery,Rookery.B,B,13.34,SK8749,9194,264,,Wheat Winter,Crusoe,45370,Nuram N35s,13.34,0.283,13.34,0.283,3.78,m3,N,99.17,2
2024,Beeswax Dyson Farming Ltd,Beeswax Dyson Farming Ltd,Completed,Nocton Farms,LN4 2AB,Stubton Farm Block,Rookery,Rookery.B,B,13.34,SK8749,9194,264,,Wheat Winter,Crusoe,45370,Nuram N35s,13.34,0.283,13.34,0.283,3.78,m3,SO3,14.17,2
2024,Beeswax Dyson Farming Ltd,Beeswax Dyson Farming Ltd,Completed,Nocton Farms,LN4 2AB,Stubton Farm Block,South Yard Field,South Yard Field.B,B,14.78,SK8848,3851,282,,Rye Winter,KWS Tayo,45310,Nuram N35s,14.78,0.229,14.78,0.229,3.38,m3,N,80.04,1
2024,Beeswax Dyson Farming Ltd,Beeswax Dyson Farming Ltd,Completed,Nocton Farms,LN4 2AB,Stubton Farm Block,South Yard Field,South Yard Field.B,B,14.78,SK8848,3851,282,,Rye Winter,KWS Tayo,45310,Nuram N35s,14.78,0.229,14.78,0.229,3.38,m3,SO3,11.43,1
2024,Beeswax Dyson Farming Ltd,Beeswax Dyson Farming Ltd,Completed,Nocton Farms,LN4 2AB,Stubton Farm Block,South Yard Field,South Yard Field.B,B,14.78,SK8848,3851,282,,Rye Winter,KWS Tayo,45378,Nuram N35s,14.78,0.229,14.78,0.229,3.38,m3,N,80.04,1
2024,Beeswax Dyson Farming Ltd,Beeswax Dyson Farming Ltd,Completed,Nocton Farms,LN4 2AB,Stubton Farm Block,South Yard Field,South Yard Field.B,B,14.78,SK8848,3851,282,,Rye Winter,KWS Tayo,45378,Nuram N35s,14.78,0.229,14.78,0.229,3.38,m3,SO3,11.43,1
2024,Beeswax Dyson Farming Ltd,Beeswax Dyson Farming Ltd,Completed,Nocton Farms,LN4 2AB,Stubton Farm Block,South Yard Field,South Yard Field.D,D,4.25,SK8848,3851,282,,Barley Spring,Laureate,45393,Nuram N35s,4.25,0.229,4.25,0.229,0.972,m3,N,80.07,1
2024,Beeswax Dyson Farming Ltd,Beeswax Dyson Farming Ltd,Completed,Nocton Farms,LN4 2AB,Stubton Farm Block,South Yard Field,South Yard Field.D,D,4.25,SK8848,3851,282,,Barley Spring,Laureate,45393,Nuram N35s,4.25,0.229,4.25,0.229,0.972,m3,SO3,11.44,1
2024,Beeswax Dyson Farming Ltd,Beeswax Dyson Farming Ltd,Completed,Nocton Farms,LN4 2AB,Stubton Farm Block,Stack Field,Stack Field.B,B,3.74,SK8848,4586,286,,Sugar Beet,Button,45408,Nuram N35s,3.74,0.234,3.74,0.234,0.874,m3,N,81.77,1
2024,Beeswax Dyson Farming Ltd,Beeswax Dyson Farming Ltd,Completed,Nocton Farms,LN4 2AB,Stubton Farm Block,Stack Field,Stack Field.B,B,3.74,SK8848,4586,286,,Sugar Beet,Button,45408,Nuram N35s,3.74,0.234,3.74,0.234,0.874,m3,SO3,11.68,1
2024,Beeswax Dyson Farming Ltd,Beeswax Dyson Farming Ltd,Completed,Nocton Farms,LN4 2AB,Stubton Farm Block,Village Field,Village Field.B,B,9.44,SK8850,3266,315,,Wheat Winter,Crusoe,45323,Nuram N35s,9.44,0.144,9.44,0.144,1.361,m3,N,50.46,2
2024,Beeswax Dyson Farming Ltd,Beeswax Dyson Farming Ltd,Completed,Nocton Farms,LN4 2AB,Stubton Farm Block,Village Field,Village Field.B,B,9.44,SK8850,3266,315,,Wheat Winter,Crusoe,45323,Nuram N35s,9.44,0.144,9.44,0.144,1.361,m3,SO3,7.21,2
2024,Beeswax Dyson Farming Ltd,Beeswax Dyson Farming Ltd,Completed,Nocton Farms,LN4 2AB,Stubton Farm Block,Village Field,Village Field.B,B,9.44,SK8850,3266,315,,Wheat Winter,Crusoe,45370,Nuram N35s,9.44,0.283,9.44,0.283,2.674,m3,N,99.16,2
2024,Beeswax Dyson Farming Ltd,Beeswax Dyson Farming Ltd,Completed,Nocton Farms,LN4 2AB,Stubton Farm Block,Village Field,Village Field.B,B,9.44,SK8850,3266,315,,Wheat Winter,Crusoe,45370,Nuram N35s,9.44,0.283,9.44,0.283,2.674,m3,SO3,14.17,2
2024,Beeswax Dyson Farming Ltd,Beeswax Dyson Farming Ltd,Completed,Nocton Farms,LN4 2AB,Stubton Farm Block,Warren,Warren.B,B,13.27,SK8948,331,322,,Wheat Spring,Nissaba,45360,Nuram N35s,13.27,0.288,13.27,0.288,3.826,m3,N,100.91,1
2024,Beeswax Dyson Farming Ltd,Beeswax Dyson Farming Ltd,Completed,Nocton Farms,LN4 2AB,Stubton Farm Block,Warren,Warren.B,B,13.27,SK8948,331,322,,Wheat Spring,Nissaba,45360,Nuram N35s,13.27,0.288,13.27,0.288,3.826,m3,SO3,14.42,1
2024,Beeswax Dyson Farming Ltd,Beeswax Dyson Farming Ltd,Completed,Nocton Farms,LN4 2AB,Stubton Farm Block,Warren,Warren.B,B,13.27,SK8948,331,322,,Wheat Spring,Nissaba,45408,Nuram N35s,13.27,0.144,13.27,0.144,1.913,m3,N,50.45,1
2024,Beeswax Dyson Farming Ltd,Beeswax Dyson Farming Ltd,Completed,Nocton Farms,LN4 2AB,Stubton Farm Block,Warren,Warren.B,B,13.27,SK8948,331,322,,Wheat Spring,Nissaba,45408,Nuram N35s,13.27,0.144,13.27,0.144,1.913,m3,SO3,7.21,1
2024,Beeswax Dyson Farming Ltd,Beeswax Dyson Farming Ltd,Completed,Nocton Farms,LN4 2AB,Stubton Farm Block,Wedding Field,Wedding Field.B,B,5.9,SK8849,7054,323,,Wheat Winter,Crusoe,45323,Nuram N35s,5.9,0.144,5.9,0.144,0.851,m3,N,50.48,2
2024,Beeswax Dyson Farming Ltd,Beeswax Dyson Farming Ltd,Completed,Nocton Farms,LN4 2AB,Stubton Farm Block,Wedding Field,Wedding Field.B,B,5.9,SK8849,7054,323,,Wheat Winter,Crusoe,45323,Nuram N35s,5.9,0.144,5.9,0.144,0.851,m3,SO3,7.21,2
2024,Beeswax Dyson Farming Ltd,Beeswax Dyson Farming Ltd,Completed,Nocton Farms,LN4 2AB,Stubton Farm Block,Wedding Field,Wedding Field.B,B,5.9,SK8849,7054,323,,Wheat Winter,Crusoe,45371,Nuram N35s,5.9,0.283,5.9,0.283,1.672,m3,N,99.2,2
2024,Beeswax Dyson Farming Ltd,Beeswax Dyson Farming Ltd,Completed,Nocton Farms,LN4 2AB,Stubton Farm Block,Wedding Field,Wedding Field.B,B,5.9,SK8849,7054,323,,Wheat Winter,Crusoe,45371,Nuram N35s,5.9,0.283,5.9,0.283,1.672,m3,SO3,14.17,2
2024,Beeswax Dyson Farming Ltd,Beeswax Dyson Farming Ltd,Completed,Nocton Farms,LN4 2AB,Stubton Farm Block,Widnes,Widnes.B,B,27.5,SK9050,418,325,,Maize Forage,Resolute,45426,Nuram N35s,24.51,0.121,27.5,0.108,2.971,m3,N,37.82,1
2024,Beeswax Dyson Farming Ltd,Beeswax Dyson Farming Ltd,Completed,Nocton Farms,LN4 2AB,Stubton Farm Block,Widnes,Widnes.B,B,27.5,SK9050,418,325,,Maize Forage,Resolute,45426,Nuram N35s,24.51,0.121,27.5,0.108,2.971,m3,SO3,5.4,1
2024,Beeswax Dyson Farming Ltd,Beeswax Dyson Farming Ltd,Completed,Nocton Farms,LN4 2AB,Stubton Farm Block,Wood Field,Wood Field.B,B,10.75,SK8949,1663,327,,Sugar Beet,Button,45408,Nuram N35s,10.75,0.234,10.75,0.234,2.512,m3,N,81.77,1
2024,Beeswax Dyson Farming Ltd,Beeswax Dyson Farming Ltd,Completed,Nocton Farms,LN4 2AB,Stubton Farm Block,Wood Field,Wood Field.B,B,10.75,SK8949,1663,327,,Sugar Beet,Button,45408,Nuram N35s,10.75,0.234,10.75,0.234,2.512,m3,SO3,11.68,1
2024,Beeswax Dyson Farming Ltd,Beeswax Dyson Farming Ltd,Completed,Nocton Farms,LN4 2AB,Stubton Farm Block,Balloon Field,Balloon Field.B,B,18.84,SK8849,764,110,Balloon Field,Wheat Winter,Crusoe,45135,Pig Manure (Stubton),18.84,20,18.84,20,376.8,t,K2O,214.6,2
2024,Beeswax Dyson Farming Ltd,Beeswax Dyson Farming Ltd,Completed,Nocton Farms,LN4 2AB,Stubton Farm Block,Balloon Field,Balloon Field.B,B,18.84,SK8849,764,110,Balloon Field,Wheat Winter,Crusoe,45135,Pig Manure (Stubton),18.84,20,18.84,20,376.8,t,Manure NH4-N,64.6,2
2024,Beeswax Dyson Farming Ltd,Beeswax Dyson Farming Ltd,Completed,Nocton Farms,LN4 2AB,Stubton Farm Block,Balloon Field,Balloon Field.B,B,18.84,SK8849,764,110,Balloon Field,Wheat Winter,Crusoe,45135,Pig Manure (Stubton),18.84,20,18.84,20,376.8,t,Manure NO3-N,0.2,2
2024,Beeswax Dyson Farming Ltd,Beeswax Dyson Farming Ltd,Completed,Nocton Farms,LN4 2AB,Stubton Farm Block,Balloon Field,Balloon Field.B,B,18.84,SK8849,764,110,Balloon Field,Wheat Winter,Crusoe,45135,Pig Manure (Stubton),18.84,20,18.84,20,376.8,t,Manure Total CaO,81.6,2
2024,Beeswax Dyson Farming Ltd,Beeswax Dyson Farming Ltd,Completed,Nocton Farms,LN4 2AB,Stubton Farm Block,Balloon Field,Balloon Field.B,B,18.84,SK8849,764,110,Balloon Field,Wheat Winter,Crusoe,45135,Pig Manure (Stubton),18.84,20,18.84,20,376.8,t,Manure Total K20,238.4,2
2024,Beeswax Dyson Farming Ltd,Beeswax Dyson Farming Ltd,Completed,Nocton Farms,LN4 2AB,Stubton Farm Block,Balloon Field,Balloon Field.B,B,18.84,SK8849,764,110,Balloon Field,Wheat Winter,Crusoe,45135,Pig Manure (Stubton),18.84,20,18.84,20,376.8,t,Manure Total MgO,45.2,2
2024,Beeswax Dyson Farming Ltd,Beeswax Dyson Farming Ltd,Completed,Nocton Farms,LN4 2AB,Stubton Farm Block,Balloon Field,Balloon Field.B,B,18.84,SK8849,764,110,Balloon Field,Wheat Winter,Crusoe,45135,Pig Manure (Stubton),18.84,20,18.84,20,376.8,t,Manure Total N,151.4,2
2024,Beeswax Dyson Farming Ltd,Beeswax Dyson Farming Ltd,Completed,Nocton Farms,LN4 2AB,Stubton Farm Block,Balloon Field,Balloon Field.B,B,18.84,SK8849,764,110,Balloon Field,Wheat Winter,Crusoe,45135,Pig Manure (Stubton),18.84,20,18.84,20,376.8,t,Manure Total P205,94.6,2
2024,Beeswax Dyson Farming Ltd,Beeswax Dyson Farming Ltd,Completed,Nocton Farms,LN4 2AB,Stubton Farm Block,Balloon Field,Balloon Field.B,B,18.84,SK8849,764,110,Balloon Field,Wheat Winter,Crusoe,45135,Pig Manure (Stubton),18.84,20,18.84,20,376.8,t,Manure Total SO3,66,2
2024,Beeswax Dyson Farming Ltd,Beeswax Dyson Farming Ltd,Completed,Nocton Farms,LN4 2AB,Stubton Farm Block,Balloon Field,Balloon Field.B,B,18.84,SK8849,764,110,Balloon Field,Wheat Winter,Crusoe,45135,Pig Manure (Stubton),18.84,20,18.84,20,376.8,t,N,64.6,2
2024,Beeswax Dyson Farming Ltd,Beeswax Dyson Farming Ltd,Completed,Nocton Farms,LN4 2AB,Stubton Farm Block,Balloon Field,Balloon Field.B,B,18.84,SK8849,764,110,Balloon Field,Wheat Winter,Crusoe,45135,Pig Manure (Stubton),18.84,20,18.84,20,376.8,t,P2O5,56.76,2
2024,Beeswax Dyson Farming Ltd,Beeswax Dyson Farming Ltd,Completed,Nocton Farms,LN4 2AB,Stubton Farm Block,Conifer Field,Conifer Field.C,C,21.42,SK8749,9636,139,Conifer Field,Wheat Winter,Crusoe,45137,Pig Manure (Stubton),21.42,20,21.42,20,428.4,t,K2O,214.6,2
2024,Beeswax Dyson Farming Ltd,Beeswax Dyson Farming Ltd,Completed,Nocton Farms,LN4 2AB,Stubton Farm Block,Conifer Field,Conifer Field.C,C,21.42,SK8749,9636,139,Conifer Field,Wheat Winter,Crusoe,45137,Pig Manure (Stubton),21.42,20,21.42,20,428.4,t,Manure NH4-N,64.6,2
2024,Beeswax Dyson Farming Ltd,Beeswax Dyson Farming Ltd,Completed,Nocton Farms,LN4 2AB,Stubton Farm Block,Conifer Field,Conifer Field.C,C,21.42,SK8749,9636,139,Conifer Field,Wheat Winter,Crusoe,45137,Pig Manure (Stubton),21.42,20,21.42,20,428.4,t,Manure NO3-N,0.2,2
2024,Beeswax Dyson Farming Ltd,Beeswax Dyson Farming Ltd,Completed,Nocton Farms,LN4 2AB,Stubton Farm Block,Conifer Field,Conifer Field.C,C,21.42,SK8749,9636,139,Conifer Field,Wheat Winter,Crusoe,45137,Pig Manure (Stubton),21.42,20,21.42,20,428.4,t,Manure Total CaO,81.6,2
2024,Beeswax Dyson Farming Ltd,Beeswax Dyson Farming Ltd,Completed,Nocton Farms,LN4 2AB,Stubton Farm Block,Conifer Field,Conifer Field.C,C,21.42,SK8749,9636,139,Conifer Field,Wheat Winter,Crusoe,45137,Pig Manure (Stubton),21.42,20,21.42,20,428.4,t,Manure Total K20,238.4,2
2024,Beeswax Dyson Farming Ltd,Beeswax Dyson Farming Ltd,Completed,Nocton Farms,LN4 2AB,Stubton Farm Block,Conifer Field,Conifer Field.C,C,21.42,SK8749,9636,139,Conifer Field,Wheat Winter,Crusoe,45137,Pig Manure (Stubton),21.42,20,21.42,20,428.4,t,Manure Total MgO,45.2,2
2024,Beeswax Dyson Farming Ltd,Beeswax Dyson Farming Ltd,Completed,Nocton Farms,LN4 2AB,Stubton Farm Block,Conifer Field,Conifer Field.C,C,21.42,SK8749,9636,139,Conifer Field,Wheat Winter,Crusoe,45137,Pig Manure (Stubton),21.42,20,21.42,20,428.4,t,Manure Total N,151.4,2
2024,Beeswax Dyson Farming Ltd,Beeswax Dyson Farming Ltd,Completed,Nocton Farms,LN4 2AB,Stubton Farm Block,Conifer Field,Conifer Field.C,C,21.42,SK8749,9636,139,Conifer Field,Wheat Winter,Crusoe,45137,Pig Manure (Stubton),21.42,20,21.42,20,428.4,t,Manure Total P205,94.6,2
2024,Beeswax Dyson Farming Ltd,Beeswax Dyson Farming Ltd,Completed,Nocton Farms,LN4 2AB,Stubton Farm Block,Conifer Field,Conifer Field.C,C,21.42,SK8749,9636,139,Conifer Field,Wheat Winter,Crusoe,45137,Pig Manure (Stubton),21.42,20,21.42,20,428.4,t,Manure Total SO3,66,2
2024,Beeswax Dyson Farming Ltd,Beeswax Dyson Farming Ltd,Completed,Nocton Farms,LN4 2AB,Stubton Farm Block,Conifer Field,Conifer Field.C,C,21.42,SK8749,9636,139,Conifer Field,Wheat Winter,Crusoe,45137,Pig Manure (Stubton),21.42,20,21.42,20,428.4,t,N,64.6,2
2024,Beeswax Dyson Farming Ltd,Beeswax Dyson Farming Ltd,Completed,Nocton Farms,LN4 2AB,Stubton Farm Block,Conifer Field,Conifer Field.C,C,21.42,SK8749,9636,139,Conifer Field,Wheat Winter,Crusoe,45137,Pig Manure (Stubton),21.42,20,21.42,20,428.4,t,P2O5,56.76,2
2024,Beeswax Dyson Farming Ltd,Beeswax Dyson Farming Ltd,Completed,Nocton Farms,LN4 2AB,Stubton Farm Block,Dryer Field,Dryer Field.B,B,15.93,SK8849,6421,163,Dryer Field,Sugar Beet,Button,45139,Pig Manure (Stubton),15.93,20,15.93,20,318.6,t,K2O,214.6,1
2024,Beeswax Dyson Farming Ltd,Beeswax Dyson Farming Ltd,Completed,Nocton Farms,LN4 2AB,Stubton Farm Block,Dryer Field,Dryer Field.B,B,15.93,SK8849,6421,163,Dryer Field,Sugar Beet,Button,45139,Pig Manure (Stubton),15.93,20,15.93,20,318.6,t,Manure NH4-N,64.6,1
2024,Beeswax Dyson Farming Ltd,Beeswax Dyson Farming Ltd,Completed,Nocton Farms,LN4 2AB,Stubton Farm Block,Dryer Field,Dryer Field.B,B,15.93,SK8849,6421,163,Dryer Field,Sugar Beet,Button,45139,Pig Manure (Stubton),15.93,20,15.93,20,318.6,t,Manure NO3-N,0.2,1
2024,Beeswax Dyson Farming Ltd,Beeswax Dyson Farming Ltd,Completed,Nocton Farms,LN4 2AB,Stubton Farm Block,Dryer Field,Dryer Field.B,B,15.93,SK8849,6421,163,Dryer Field,Sugar Beet,Button,45139,Pig Manure (Stubton),15.93,20,15.93,20,318.6,t,Manure Total CaO,81.6,1
2024,Beeswax Dyson Farming Ltd,Beeswax Dyson Farming Ltd,Completed,Nocton Farms,LN4 2AB,Stubton Farm Block,Dryer Field,Dryer Field.B,B,15.93,SK8849,6421,163,Dryer Field,Sugar Beet,Button,45139,Pig Manure (Stubton),15.93,20,15.93,20,318.6,t,Manure Total K20,238.4,1
2024,Beeswax Dyson Farming Ltd,Beeswax Dyson Farming Ltd,Completed,Nocton Farms,LN4 2AB,Stubton Farm Block,Dryer Field,Dryer Field.B,B,15.93,SK8849,6421,163,Dryer Field,Sugar Beet,Button,45139,Pig Manure (Stubton),15.93,20,15.93,20,318.6,t,Manure Total MgO,45.2,1
2024,Beeswax Dyson Farming Ltd,Beeswax Dyson Farming Ltd,Completed,Nocton Farms,LN4 2AB,Stubton Farm Block,Dryer Field,Dryer Field.B,B,15.93,SK8849,6421,163,Dryer Field,Sugar Beet,Button,45139,Pig Manure (Stubton),15.93,20,15.93,20,318.6,t,Manure Total N,151.4,1
2024,Beeswax Dyson Farming Ltd,Beeswax Dyson Farming Ltd,Completed,Nocton Farms,LN4 2AB,Stubton Farm Block,Dryer Field,Dryer Field.B,B,15.93,SK8849,6421,163,Dryer Field,Sugar Beet,Button,45139,Pig Manure (Stubton),15.93,20,15.93,20,318.6,t,Manure Total P205,94.6,1
2024,Beeswax Dyson Farming Ltd,Beeswax Dyson Farming Ltd,Completed,Nocton Farms,LN4 2AB,Stubton Farm Block,Dryer Field,Dryer Field.B,B,15.93,SK8849,6421,163,Dryer Field,Sugar Beet,Button,45139,Pig Manure (Stubton),15.93,20,15.93,20,318.6,t,Manure Total SO3,66,1
2024,Beeswax Dyson Farming Ltd,Beeswax Dyson Farming Ltd,Completed,Nocton Farms,LN4 2AB,Stubton Farm Block,Dryer Field,Dryer Field.B,B,15.93,SK8849,6421,163,Dryer Field,Sugar Beet,Button,45139,Pig Manure (Stubton),15.93,20,15.93,20,318.6,t,N,64.6,1
2024,Beeswax Dyson Farming Ltd,Beeswax Dyson Farming Ltd,Completed,Nocton Farms,LN4 2AB,Stubton Farm Block,Dryer Field,Dryer Field.B,B,15.93,SK8849,6421,163,Dryer Field,Sugar Beet,Button,45139,Pig Manure (Stubton),15.93,20,15.93,20,318.6,t,P2O5,56.76,1
2024,Beeswax Dyson Farming Ltd,Beeswax Dyson Farming Ltd,Completed,Nocton Farms,LN4 2AB,Stubton Farm Block,England Field,England Field.C,C,30.92,SK8850,7215,166,England Field,Wheat Winter,Crusoe,45139,Pig Manure (Stubton),30.92,20,30.92,20,618.4,t,K2O,214.6,2
2024,Beeswax Dyson Farming Ltd,Beeswax Dyson Farming Ltd,Completed,Nocton Farms,LN4 2AB,Stubton Farm Block,England Field,England Field.C,C,30.92,SK8850,7215,166,England Field,Wheat Winter,Crusoe,45139,Pig Manure (Stubton),30.92,20,30.92,20,618.4,t,Manure NH4-N,64.6,2
2024,Beeswax Dyson Farming Ltd,Beeswax Dyson Farming Ltd,Completed,Nocton Farms,LN4 2AB,Stubton Farm Block,England Field,England Field.C,C,30.92,SK8850,7215,166,England Field,Wheat Winter,Crusoe,45139,Pig Manure (Stubton),30.92,20,30.92,20,618.4,t,Manure NO3-N,0.2,2
2024,Beeswax Dyson Farming Ltd,Beeswax Dyson Farming Ltd,Completed,Nocton Farms,LN4 2AB,Stubton Farm Block,England Field,England Field.C,C,30.92,SK8850,7215,166,England Field,Wheat Winter,Crusoe,45139,Pig Manure (Stubton),30.92,20,30.92,20,618.4,t,Manure Total CaO,81.6,2
2024,Beeswax Dyson Farming Ltd,Beeswax Dyson Farming Ltd,Completed,Nocton Farms,LN4 2AB,Stubton Farm Block,England Field,England Field.C,C,30.92,SK8850,7215,166,England Field,Wheat Winter,Crusoe,45139,Pig Manure (Stubton),30.92,20,30.92,20,618.4,t,Manure Total K20,238.4,2
2024,Beeswax Dyson Farming Ltd,Beeswax Dyson Farming Ltd,Completed,Nocton Farms,LN4 2AB,Stubton Farm Block,England Field,England Field.C,C,30.92,SK8850,7215,166,England Field,Wheat Winter,Crusoe,45139,Pig Manure (Stubton),30.92,20,30.92,20,618.4,t,Manure Total MgO,45.2,2
2024,Beeswax Dyson Farming Ltd,Beeswax Dyson Farming Ltd,Completed,Nocton Farms,LN4 2AB,Stubton Farm Block,England Field,England Field.C,C,30.92,SK8850,7215,166,England Field,Wheat Winter,Crusoe,45139,Pig Manure (Stubton),30.92,20,30.92,20,618.4,t,Manure Total N,151.4,2
2024,Beeswax Dyson Farming Ltd,Beeswax Dyson Farming Ltd,Completed,Nocton Farms,LN4 2AB,Stubton Farm Block,England Field,England Field.C,C,30.92,SK8850,7215,166,England Field,Wheat Winter,Crusoe,45139,Pig Manure (Stubton),30.92,20,30.92,20,618.4,t,Manure Total P205,94.6,2
2024,Beeswax Dyson Farming Ltd,Beeswax Dyson Farming Ltd,Completed,Nocton Farms,LN4 2AB,Stubton Farm Block,England Field,England Field.C,C,30.92,SK8850,7215,166,England Field,Wheat Winter,Crusoe,45139,Pig Manure (Stubton),30.92,20,30.92,20,618.4,t,Manure Total SO3,66,2
2024,Beeswax Dyson Farming Ltd,Beeswax Dyson Farming Ltd,Completed,Nocton Farms,LN4 2AB,Stubton Farm Block,England Field,England Field.C,C,30.92,SK8850,7215,166,England Field,Wheat Winter,Crusoe,45139,Pig Manure (Stubton),30.92,20,30.92,20,618.4,t,N,64.6,2
2024,Beeswax Dyson Farming Ltd,Beeswax Dyson Farming Ltd,Completed,Nocton Farms,LN4 2AB,Stubton Farm Block,England Field,England Field.C,C,30.92,SK8850,7215,166,England Field,Wheat Winter,Crusoe,45139,Pig Manure (Stubton),30.92,20,30.92,20,618.4,t,P2O5,56.76,2
2024,Beeswax Dyson Farming Ltd,Beeswax Dyson Farming Ltd,Completed,Nocton Farms,LN4 2AB,Stubton Farm Block,Gokart Field,Gokart Field.B,B,4.08,SK8949,9055,196,,Maize Forage,Resolute,45163,Pig Manure (Stubton),4.08,20,4.08,20,81.6,t,K2O,214.6,1
2024,Beeswax Dyson Farming Ltd,Beeswax Dyson Farming Ltd,Completed,Nocton Farms,LN4 2AB,Stubton Farm Block,Gokart Field,Gokart Field.B,B,4.08,SK8949,9055,196,,Maize Forage,Resolute,45163,Pig Manure (Stubton),4.08,20,4.08,20,81.6,t,Manure NH4-N,64.6,1
2024,Beeswax Dyson Farming Ltd,Beeswax Dyson Farming Ltd,Completed,Nocton Farms,LN4 2AB,Stubton Farm Block,Gokart Field,Gokart Field.B,B,4.08,SK8949,9055,196,,Maize Forage,Resolute,45163,Pig Manure (Stubton),4.08,20,4.08,20,81.6,t,Manure NO3-N,0.2,1
2024,Beeswax Dyson Farming Ltd,Beeswax Dyson Farming Ltd,Completed,Nocton Farms,LN4 2AB,Stubton Farm Block,Gokart Field,Gokart Field.B,B,4.08,SK8949,9055,196,,Maize Forage,Resolute,45163,Pig Manure (Stubton),4.08,20,4.08,20,81.6,t,Manure Total CaO,81.6,1
2024,Beeswax Dyson Farming Ltd,Beeswax Dyson Farming Ltd,Completed,Nocton Farms,LN4 2AB,Stubton Farm Block,Gokart Field,Gokart Field.B,B,4.08,SK8949,9055,196,,Maize Forage,Resolute,45163,Pig Manure (Stubton),4.08,20,4.08,20,81.6,t,Manure Total K20,238.4,1
2024,Beeswax Dyson Farming Ltd,Beeswax Dyson Farming Ltd,Completed,Nocton Farms,LN4 2AB,Stubton Farm Block,Gokart Field,Gokart Field.B,B,4.08,SK8949,9055,196,,Maize Forage,Resolute,45163,Pig Manure (Stubton),4.08,20,4.08,20,81.6,t,Manure Total MgO,45.2,1
2024,Beeswax Dyson Farming Ltd,Beeswax Dyson Farming Ltd,Completed,Nocton Farms,LN4 2AB,Stubton Farm Block,Gokart Field,Gokart Field.B,B,4.08,SK8949,9055,196,,Maize Forage,Resolute,45163,Pig Manure (Stubton),4.08,20,4.08,20,81.6,t,Manure Total N,151.4,1
2024,Beeswax Dyson Farming Ltd,Beeswax Dyson Farming Ltd,Completed,Nocton Farms,LN4 2AB,Stubton Farm Block,Gokart Field,Gokart Field.B,B,4.08,SK8949,9055,196,,Maize Forage,Resolute,45163,Pig Manure (Stubton),4.08,20,4.08,20,81.6,t,Manure Total P205,94.6,1
2024,Beeswax Dyson Farming Ltd,Beeswax Dyson Farming Ltd,Completed,Nocton Farms,LN4 2AB,Stubton Farm Block,Gokart Field,Gokart Field.B,B,4.08,SK8949,9055,196,,Maize Forage,Resolute,45163,Pig Manure (Stubton),4.08,20,4.08,20,81.6,t,Manure Total SO3,66,1
2024,Beeswax Dyson Farming Ltd,Beeswax Dyson Farming Ltd,Completed,Nocton Farms,LN4 2AB,Stubton Farm Block,Gokart Field,Gokart Field.B,B,4.08,SK8949,9055,196,,Maize Forage,Resolute,45163,Pig Manure (Stubton),4.08,20,4.08,20,81.6,t,N,64.6,1
2024,Beeswax Dyson Farming Ltd,Beeswax Dyson Farming Ltd,Completed,Nocton Farms,LN4 2AB,Stubton Farm Block,Gokart Field,Gokart Field.B,B,4.08,SK8949,9055,196,,Maize Forage,Resolute,45163,Pig Manure (Stubton),4.08,20,4.08,20,81.6,t,P2O5,56.76,1
2024,Beeswax Dyson Farming Ltd,Beeswax Dyson Farming Ltd,Completed,Nocton Farms,LN4 2AB,Stubton Farm Block,Gorse Field,Gorse Field.B,B,16.36,SK8949,6185,197,,Oats Winter,Mascani,45167,Pig Manure (Stubton),16.36,20,16.36,20,327.2,t,K2O,214.6,1
2024,Beeswax Dyson Farming Ltd,Beeswax Dyson Farming Ltd,Completed,Nocton Farms,LN4 2AB,Stubton Farm Block,Gorse Field,Gorse Field.B,B,16.36,SK8949,6185,197,,Oats Winter,Mascani,45167,Pig Manure (Stubton),16.36,20,16.36,20,327.2,t,Manure NH4-N,64.6,1
2024,Beeswax Dyson Farming Ltd,Beeswax Dyson Farming Ltd,Completed,Nocton Farms,LN4 2AB,Stubton Farm Block,Gorse Field,Gorse Field.B,B,16.36,SK8949,6185,197,,Oats Winter,Mascani,45167,Pig Manure (Stubton),16.36,20,16.36,20,327.2,t,Manure NO3-N,0.2,1
2024,Beeswax Dyson Farming Ltd,Beeswax Dyson Farming Ltd,Completed,Nocton Farms,LN4 2AB,Stubton Farm Block,Gorse Field,Gorse Field.B,B,16.36,SK8949,6185,197,,Oats Winter,Mascani,45167,Pig Manure (Stubton),16.36,20,16.36,20,327.2,t,Manure Total CaO,81.6,1
2024,Beeswax Dyson Farming Ltd,Beeswax Dyson Farming Ltd,Completed,Nocton Farms,LN4 2AB,Stubton Farm Block,Gorse Field,Gorse Field.B,B,16.36,SK8949,6185,197,,Oats Winter,Mascani,45167,Pig Manure (Stubton),16.36,20,16.36,20,327.2,t,Manure Total K20,238.4,1
2024,Beeswax Dyson Farming Ltd,Beeswax Dyson Farming Ltd,Completed,Nocton Farms,LN4 2AB,Stubton Farm Block,Gorse Field,Gorse Field.B,B,16.36,SK8949,6185,197,,Oats Winter,Mascani,45167,Pig Manure (Stubton),16.36,20,16.36,20,327.2,t,Manure Total MgO,45.2,1
2024,Beeswax Dyson Farming Ltd,Beeswax Dyson Farming Ltd,Completed,Nocton Farms,LN4 2AB,Stubton Farm Block,Gorse Field,Gorse Field.B,B,16.36,SK8949,6185,197,,Oats Winter,Mascani,45167,Pig Manure (Stubton),16.36,20,16.36,20,327.2,t,Manure Total N,151.4,1
2024,Beeswax Dyson Farming Ltd,Beeswax Dyson Farming Ltd,Completed,Nocton Farms,LN4 2AB,Stubton Farm Block,Gorse Field,Gorse Field.B,B,16.36,SK8949,6185,197,,Oats Winter,Mascani,45167,Pig Manure (Stubton),16.36,20,16.36,20,327.2,t,Manure Total P205,94.6,1
2024,Beeswax Dyson Farming Ltd,Beeswax Dyson Farming Ltd,Completed,Nocton Farms,LN4 2AB,Stubton Farm Block,Gorse Field,Gorse Field.B,B,16.36,SK8949,6185,197,,Oats Winter,Mascani,45167,Pig Manure (Stubton),16.36,20,16.36,20,327.2,t,Manure Total SO3,66,1
2024,Beeswax Dyson Farming Ltd,Beeswax Dyson Farming Ltd,Completed,Nocton Farms,LN4 2AB,Stubton Farm Block,Gorse Field,Gorse Field.B,B,16.36,SK8949,6185,197,,Oats Winter,Mascani,45167,Pig Manure (Stubton),16.36,20,16.36,20,327.2,t,N,64.6,1
2024,Beeswax Dyson Farming Ltd,Beeswax Dyson Farming Ltd,Completed,Nocton Farms,LN4 2AB,Stubton Farm Block,Gorse Field,Gorse Field.B,B,16.36,SK8949,6185,197,,Oats Winter,Mascani,45167,Pig Manure (Stubton),16.36,20,16.36,20,327.2,t,P2O5,56.76,1
2024,Beeswax Dyson Farming Ltd,Beeswax Dyson Farming Ltd,Completed,Nocton Farms,LN4 2AB,Stubton Farm Block,Popular Field,Popular Field.B,B,6.45,SK8848,7180,259,,Maize Forage,Resolute,45166,Pig Manure (Stubton),6.45,20,6.45,20,129,t,K2O,214.6,1
2024,Beeswax Dyson Farming Ltd,Beeswax Dyson Farming Ltd,Completed,Nocton Farms,LN4 2AB,Stubton Farm Block,Popular Field,Popular Field.B,B,6.45,SK8848,7180,259,,Maize Forage,Resolute,45166,Pig Manure (Stubton),6.45,20,6.45,20,129,t,Manure NH4-N,64.6,1
2024,Beeswax Dyson Farming Ltd,Beeswax Dyson Farming Ltd,Completed,Nocton Farms,LN4 2AB,Stubton Farm Block,Popular Field,Popular Field.B,B,6.45,SK8848,7180,259,,Maize Forage,Resolute,45166,Pig Manure (Stubton),6.45,20,6.45,20,129,t,Manure NO3-N,0.2,1
2024,Beeswax Dyson Farming Ltd,Beeswax Dyson Farming Ltd,Completed,Nocton Farms,LN4 2AB,Stubton Farm Block,Popular Field,Popular Field.B,B,6.45,SK8848,7180,259,,Maize Forage,Resolute,45166,Pig Manure (Stubton),6.45,20,6.45,20,129,t,Manure Total CaO,81.6,1
2024,Beeswax Dyson Farming Ltd,Beeswax Dyson Farming Ltd,Completed,Nocton Farms,LN4 2AB,Stubton Farm Block,Popular Field,Popular Field.B,B,6.45,SK8848,7180,259,,Maize Forage,Resolute,45166,Pig Manure (Stubton),6.45,20,6.45,20,129,t,Manure Total K20,238.4,1
2024,Beeswax Dyson Farming Ltd,Beeswax Dyson Farming Ltd,Completed,Nocton Farms,LN4 2AB,Stubton Farm Block,Popular Field,Popular Field.B,B,6.45,SK8848,7180,259,,Maize Forage,Resolute,45166,Pig Manure (Stubton),6.45,20,6.45,20,129,t,Manure Total MgO,45.2,1
2024,Beeswax Dyson Farming Ltd,Beeswax Dyson Farming Ltd,Completed,Nocton Farms,LN4 2AB,Stubton Farm Block,Popular Field,Popular Field.B,B,6.45,SK8848,7180,259,,Maize Forage,Resolute,45166,Pig Manure (Stubton),6.45,20,6.45,20,129,t,Manure Total N,151.4,1
2024,Beeswax Dyson Farming Ltd,Beeswax Dyson Farming Ltd,Completed,Nocton Farms,LN4 2AB,Stubton Farm Block,Popular Field,Popular Field.B,B,6.45,SK8848,7180,259,,Maize Forage,Resolute,45166,Pig Manure (Stubton),6.45,20,6.45,20,129,t,Manure Total P205,94.6,1
2024,Beeswax Dyson Farming Ltd,Beeswax Dyson Farming Ltd,Completed,Nocton Farms,LN4 2AB,Stubton Farm Block,Popular Field,Popular Field.B,B,6.45,SK8848,7180,259,,Maize Forage,Resolute,45166,Pig Manure (Stubton),6.45,20,6.45,20,129,t,Manure Total SO3,66,1
2024,Beeswax Dyson Farming Ltd,Beeswax Dyson Farming Ltd,Completed,Nocton Farms,LN4 2AB,Stubton Farm Block,Popular Field,Popular Field.B,B,6.45,SK8848,7180,259,,Maize Forage,Resolute,45166,Pig Manure (Stubton),6.45,20,6.45,20,129,t,N,64.6,1
2024,Beeswax Dyson Farming Ltd,Beeswax Dyson Farming Ltd,Completed,Nocton Farms,LN4 2AB,Stubton Farm Block,Popular Field,Popular Field.B,B,6.45,SK8848,7180,259,,Maize Forage,Resolute,45166,Pig Manure (Stubton),6.45,20,6.45,20,129,t,P2O5,56.76,1
2024,Beeswax Dyson Farming Ltd,Beeswax Dyson Farming Ltd,Completed,Nocton Farms,LN4 2AB,Stubton Farm Block,Rookery,Rookery.B,B,13.34,SK8749,9194,264,,Wheat Winter,Crusoe,45138,Pig Manure (Stubton),13.34,20,13.34,20,266.8,t,K2O,214.6,2
2024,Beeswax Dyson Farming Ltd,Beeswax Dyson Farming Ltd,Completed,Nocton Farms,LN4 2AB,Stubton Farm Block,Rookery,Rookery.B,B,13.34,SK8749,9194,264,,Wheat Winter,Crusoe,45138,Pig Manure (Stubton),13.34,20,13.34,20,266.8,t,Manure NH4-N,64.6,2
2024,Beeswax Dyson Farming Ltd,Beeswax Dyson Farming Ltd,Completed,Nocton Farms,LN4 2AB,Stubton Farm Block,Rookery,Rookery.B,B,13.34,SK8749,9194,264,,Wheat Winter,Crusoe,45138,Pig Manure (Stubton),13.34,20,13.34,20,266.8,t,Manure NO3-N,0.2,2
2024,Beeswax Dyson Farming Ltd,Beeswax Dyson Farming Ltd,Completed,Nocton Farms,LN4 2AB,Stubton Farm Block,Rookery,Rookery.B,B,13.34,SK8749,9194,264,,Wheat Winter,Crusoe,45138,Pig Manure (Stubton),13.34,20,13.34,20,266.8,t,Manure Total CaO,81.6,2
2024,Beeswax Dyson Farming Ltd,Beeswax Dyson Farming Ltd,Completed,Nocton Farms,LN4 2AB,Stubton Farm Block,Rookery,Rookery.B,B,13.34,SK8749,9194,264,,Wheat Winter,Crusoe,45138,Pig Manure (Stubton),13.34,20,13.34,20,266.8,t,Manure Total K20,238.4,2
2024,Beeswax Dyson Farming Ltd,Beeswax Dyson Farming Ltd,Completed,Nocton Farms,LN4 2AB,Stubton Farm Block,Rookery,Rookery.B,B,13.34,SK8749,9194,264,,Wheat Winter,Crusoe,45138,Pig Manure (Stubton),13.34,20,13.34,20,266.8,t,Manure Total MgO,45.2,2
2024,Beeswax Dyson Farming Ltd,Beeswax Dyson Farming Ltd,Completed,Nocton Farms,LN4 2AB,Stubton Farm Block,Rookery,Rookery.B,B,13.34,SK8749,9194,264,,Wheat Winter,Crusoe,45138,Pig Manure (Stubton),13.34,20,13.34,20,266.8,t,Manure Total N,151.4,2
2024,Beeswax Dyson Farming Ltd,Beeswax Dyson Farming Ltd,Completed,Nocton Farms,LN4 2AB,Stubton Farm Block,Rookery,Rookery.B,B,13.34,SK8749,9194,264,,Wheat Winter,Crusoe,45138,Pig Manure (Stubton),13.34,20,13.34,20,266.8,t,Manure Total P205,94.6,2
2024,Beeswax Dyson Farming Ltd,Beeswax Dyson Farming Ltd,Completed,Nocton Farms,LN4 2AB,Stubton Farm Block,Rookery,Rookery.B,B,13.34,SK8749,9194,264,,Wheat Winter,Crusoe,45138,Pig Manure (Stubton),13.34,20,13.34,20,266.8,t,Manure Total SO3,66,2
2024,Beeswax Dyson Farming Ltd,Beeswax Dyson Farming Ltd,Completed,Nocton Farms,LN4 2AB,Stubton Farm Block,Rookery,Rookery.B,B,13.34,SK8749,9194,264,,Wheat Winter,Crusoe,45138,Pig Manure (Stubton),13.34,20,13.34,20,266.8,t,N,64.6,2
2024,Beeswax Dyson Farming Ltd,Beeswax Dyson Farming Ltd,Completed,Nocton Farms,LN4 2AB,Stubton Farm Block,Rookery,Rookery.B,B,13.34,SK8749,9194,264,,Wheat Winter,Crusoe,45138,Pig Manure (Stubton),13.34,20,13.34,20,266.8,t,P2O5,56.76,2
2024,Beeswax Dyson Farming Ltd,Beeswax Dyson Farming Ltd,Completed,Nocton Farms,LN4 2AB,Stubton Farm Block,Stack Field,Stack Field.B,B,3.74,SK8848,4586,286,,Sugar Beet,Button,45139,Pig Manure (Stubton),3.74,20,3.74,20,74.8,t,K2O,214.6,1
2024,Beeswax Dyson Farming Ltd,Beeswax Dyson Farming Ltd,Completed,Nocton Farms,LN4 2AB,Stubton Farm Block,Stack Field,Stack Field.B,B,3.74,SK8848,4586,286,,Sugar Beet,Button,45139,Pig Manure (Stubton),3.74,20,3.74,20,74.8,t,Manure NH4-N,64.6,1
2024,Beeswax Dyson Farming Ltd,Beeswax Dyson Farming Ltd,Completed,Nocton Farms,LN4 2AB,Stubton Farm Block,Stack Field,Stack Field.B,B,3.74,SK8848,4586,286,,Sugar Beet,Button,45139,Pig Manure (Stubton),3.74,20,3.74,20,74.8,t,Manure NO3-N,0.2,1
2024,Beeswax Dyson Farming Ltd,Beeswax Dyson Farming Ltd,Completed,Nocton Farms,LN4 2AB,Stubton Farm Block,Stack Field,Stack Field.B,B,3.74,SK8848,4586,286,,Sugar Beet,Button,45139,Pig Manure (Stubton),3.74,20,3.74,20,74.8,t,Manure Total CaO,81.6,1
2024,Beeswax Dyson Farming Ltd,Beeswax Dyson Farming Ltd,Completed,Nocton Farms,LN4 2AB,Stubton Farm Block,Stack Field,Stack Field.B,B,3.74,SK8848,4586,286,,Sugar Beet,Button,45139,Pig Manure (Stubton),3.74,20,3.74,20,74.8,t,Manure Total K20,238.4,1
2024,Beeswax Dyson Farming Ltd,Beeswax Dyson Farming Ltd,Completed,Nocton Farms,LN4 2AB,Stubton Farm Block,Stack Field,Stack Field.B,B,3.74,SK8848,4586,286,,Sugar Beet,Button,45139,Pig Manure (Stubton),3.74,20,3.74,20,74.8,t,Manure Total MgO,45.2,1
2024,Beeswax Dyson Farming Ltd,Beeswax Dyson Farming Ltd,Completed,Nocton Farms,LN4 2AB,Stubton Farm Block,Stack Field,Stack Field.B,B,3.74,SK8848,4586,286,,Sugar Beet,Button,45139,Pig Manure (Stubton),3.74,20,3.74,20,74.8,t,Manure Total N,151.4,1
2024,Beeswax Dyson Farming Ltd,Beeswax Dyson Farming Ltd,Completed,Nocton Farms,LN4 2AB,Stubton Farm Block,Stack Field,Stack Field.B,B,3.74,SK8848,4586,286,,Sugar Beet,Button,45139,Pig Manure (Stubton),3.74,20,3.74,20,74.8,t,Manure Total P205,94.6,1
2024,Beeswax Dyson Farming Ltd,Beeswax Dyson Farming Ltd,Completed,Nocton Farms,LN4 2AB,Stubton Farm Block,Stack Field,Stack Field.B,B,3.74,SK8848,4586,286,,Sugar Beet,Button,45139,Pig Manure (Stubton),3.74,20,3.74,20,74.8,t,Manure Total SO3,66,1
2024,Beeswax Dyson Farming Ltd,Beeswax Dyson Farming Ltd,Completed,Nocton Farms,LN4 2AB,Stubton Farm Block,Stack Field,Stack Field.B,B,3.74,SK8848,4586,286,,Sugar Beet,Button,45139,Pig Manure (Stubton),3.74,20,3.74,20,74.8,t,N,64.6,1
2024,Beeswax Dyson Farming Ltd,Beeswax Dyson Farming Ltd,Completed,Nocton Farms,LN4 2AB,Stubton Farm Block,Stack Field,Stack Field.B,B,3.74,SK8848,4586,286,,Sugar Beet,Button,45139,Pig Manure (Stubton),3.74,20,3.74,20,74.8,t,P2O5,56.76,1
2024,Beeswax Dyson Farming Ltd,Beeswax Dyson Farming Ltd,Completed,Nocton Farms,LN4 2AB,Stubton Farm Block,The Park,The Park.B,B,16.45,SK8748,8898,301,,Maize Forage,Resolute,45199,Pig Manure (Stubton),16.45,20,16.45,20,329,t,K2O,214.6,1
2024,Beeswax Dyson Farming Ltd,Beeswax Dyson Farming Ltd,Completed,Nocton Farms,LN4 2AB,Stubton Farm Block,The Park,The Park.B,B,16.45,SK8748,8898,301,,Maize Forage,Resolute,45199,Pig Manure (Stubton),16.45,20,16.45,20,329,t,Manure NH4-N,64.6,1
2024,Beeswax Dyson Farming Ltd,Beeswax Dyson Farming Ltd,Completed,Nocton Farms,LN4 2AB,Stubton Farm Block,The Park,The Park.B,B,16.45,SK8748,8898,301,,Maize Forage,Resolute,45199,Pig Manure (Stubton),16.45,20,16.45,20,329,t,Manure NO3-N,0.2,1
2024,Beeswax Dyson Farming Ltd,Beeswax Dyson Farming Ltd,Completed,Nocton Farms,LN4 2AB,Stubton Farm Block,The Park,The Park.B,B,16.45,SK8748,8898,301,,Maize Forage,Resolute,45199,Pig Manure (Stubton),16.45,20,16.45,20,329,t,Manure Total CaO,81.6,1
2024,Beeswax Dyson Farming Ltd,Beeswax Dyson Farming Ltd,Completed,Nocton Farms,LN4 2AB,Stubton Farm Block,The Park,The Park.B,B,16.45,SK8748,8898,301,,Maize Forage,Resolute,45199,Pig Manure (Stubton),16.45,20,16.45,20,329,t,Manure Total K20,238.4,1
2024,Beeswax Dyson Farming Ltd,Beeswax Dyson Farming Ltd,Completed,Nocton Farms,LN4 2AB,Stubton Farm Block,The Park,The Park.B,B,16.45,SK8748,8898,301,,Maize Forage,Resolute,45199,Pig Manure (Stubton),16.45,20,16.45,20,329,t,Manure Total MgO,45.2,1
2024,Beeswax Dyson Farming Ltd,Beeswax Dyson Farming Ltd,Completed,Nocton Farms,LN4 2AB,Stubton Farm Block,The Park,The Park.B,B,16.45,SK8748,8898,301,,Maize Forage,Resolute,45199,Pig Manure (Stubton),16.45,20,16.45,20,329,t,Manure Total N,151.4,1
2024,Beeswax Dyson Farming Ltd,Beeswax Dyson Farming Ltd,Completed,Nocton Farms,LN4 2AB,Stubton Farm Block,The Park,The Park.B,B,16.45,SK8748,8898,301,,Maize Forage,Resolute,45199,Pig Manure (Stubton),16.45,20,16.45,20,329,t,Manure Total P205,94.6,1
2024,Beeswax Dyson Farming Ltd,Beeswax Dyson Farming Ltd,Completed,Nocton Farms,LN4 2AB,Stubton Farm Block,The Park,The Park.B,B,16.45,SK8748,8898,301,,Maize Forage,Resolute,45199,Pig Manure (Stubton),16.45,20,16.45,20,329,t,Manure Total SO3,66,1
2024,Beeswax Dyson Farming Ltd,Beeswax Dyson Farming Ltd,Completed,Nocton Farms,LN4 2AB,Stubton Farm Block,The Park,The Park.B,B,16.45,SK8748,8898,301,,Maize Forage,Resolute,45199,Pig Manure (Stubton),16.45,20,16.45,20,329,t,N,64.6,1
2024,Beeswax Dyson Farming Ltd,Beeswax Dyson Farming Ltd,Completed,Nocton Farms,LN4 2AB,Stubton Farm Block,The Park,The Park.B,B,16.45,SK8748,8898,301,,Maize Forage,Resolute,45199,Pig Manure (Stubton),16.45,20,16.45,20,329,t,P2O5,56.76,1
2024,Beeswax Dyson Farming Ltd,Beeswax Dyson Farming Ltd,Completed,Nocton Farms,LN4 2AB,Stubton Farm Block,Village Field,Village Field.B,B,9.44,SK8850,3266,315,,Wheat Winter,Crusoe,45139,Pig Manure (Stubton),9.44,20,9.44,20,188.8,t,K2O,214.6,2
2024,Beeswax Dyson Farming Ltd,Beeswax Dyson Farming Ltd,Completed,Nocton Farms,LN4 2AB,Stubton Farm Block,Village Field,Village Field.B,B,9.44,SK8850,3266,315,,Wheat Winter,Crusoe,45139,Pig Manure (Stubton),9.44,20,9.44,20,188.8,t,Manure NH4-N,64.6,2
2024,Beeswax Dyson Farming Ltd,Beeswax Dyson Farming Ltd,Completed,Nocton Farms,LN4 2AB,Stubton Farm Block,Village Field,Village Field.B,B,9.44,SK8850,3266,315,,Wheat Winter,Crusoe,45139,Pig Manure (Stubton),9.44,20,9.44,20,188.8,t,Manure NO3-N,0.2,2
2024,Beeswax Dyson Farming Ltd,Beeswax Dyson Farming Ltd,Completed,Nocton Farms,LN4 2AB,Stubton Farm Block,Village Field,Village Field.B,B,9.44,SK8850,3266,315,,Wheat Winter,Crusoe,45139,Pig Manure (Stubton),9.44,20,9.44,20,188.8,t,Manure Total CaO,81.6,2
2024,Beeswax Dyson Farming Ltd,Beeswax Dyson Farming Ltd,Completed,Nocton Farms,LN4 2AB,Stubton Farm Block,Village Field,Village Field.B,B,9.44,SK8850,3266,315,,Wheat Winter,Crusoe,45139,Pig Manure (Stubton),9.44,20,9.44,20,188.8,t,Manure Total K20,238.4,2
2024,Beeswax Dyson Farming Ltd,Beeswax Dyson Farming Ltd,Completed,Nocton Farms,LN4 2AB,Stubton Farm Block,Village Field,Village Field.B,B,9.44,SK8850,3266,315,,Wheat Winter,Crusoe,45139,Pig Manure (Stubton),9.44,20,9.44,20,188.8,t,Manure Total MgO,45.2,2
2024,Beeswax Dyson Farming Ltd,Beeswax Dyson Farming Ltd,Completed,Nocton Farms,LN4 2AB,Stubton Farm Block,Village Field,Village Field.B,B,9.44,SK8850,3266,315,,Wheat Winter,Crusoe,45139,Pig Manure (Stubton),9.44,20,9.44,20,188.8,t,Manure Total N,151.4,2
2024,Beeswax Dyson Farming Ltd,Beeswax Dyson Farming Ltd,Completed,Nocton Farms,LN4 2AB,Stubton Farm Block,Village Field,Village Field.B,B,9.44,SK8850,3266,315,,Wheat Winter,Crusoe,45139,Pig Manure (Stubton),9.44,20,9.44,20,188.8,t,Manure Total P205,94.6,2
2024,Beeswax Dyson Farming Ltd,Beeswax Dyson Farming Ltd,Completed,Nocton Farms,LN4 2AB,Stubton Farm Block,Village Field,Village Field.B,B,9.44,SK8850,3266,315,,Wheat Winter,Crusoe,45139,Pig Manure (Stubton),9.44,20,9.44,20,188.8,t,Manure Total SO3,66,2
2024,Beeswax Dyson Farming Ltd,Beeswax Dyson Farming Ltd,Completed,Nocton Farms,LN4 2AB,Stubton Farm Block,Village Field,Village Field.B,B,9.44,SK8850,3266,315,,Wheat Winter,Crusoe,45139,Pig Manure (Stubton),9.44,20,9.44,20,188.8,t,N,64.6,2
2024,Beeswax Dyson Farming Ltd,Beeswax Dyson Farming Ltd,Completed,Nocton Farms,LN4 2AB,Stubton Farm Block,Village Field,Village Field.B,B,9.44,SK8850,3266,315,,Wheat Winter,Crusoe,45139,Pig Manure (Stubton),9.44,20,9.44,20,188.8,t,P2O5,56.76,2
2024,Beeswax Dyson Farming Ltd,Beeswax Dyson Farming Ltd,Completed,Nocton Farms,LN4 2AB,Stubton Farm Block,Wedding Field,Wedding Field.B,B,5.9,SK8849,7054,323,,Wheat Winter,Crusoe,45139,Pig Manure (Stubton),5.9,20,5.9,20,118,t,K2O,214.6,2
2024,Beeswax Dyson Farming Ltd,Beeswax Dyson Farming Ltd,Completed,Nocton Farms,LN4 2AB,Stubton Farm Block,Wedding Field,Wedding Field.B,B,5.9,SK8849,7054,323,,Wheat Winter,Crusoe,45139,Pig Manure (Stubton),5.9,20,5.9,20,118,t,Manure NH4-N,64.6,2
2024,Beeswax Dyson Farming Ltd,Beeswax Dyson Farming Ltd,Completed,Nocton Farms,LN4 2AB,Stubton Farm Block,Wedding Field,Wedding Field.B,B,5.9,SK8849,7054,323,,Wheat Winter,Crusoe,45139,Pig Manure (Stubton),5.9,20,5.9,20,118,t,Manure NO3-N,0.2,2
2024,Beeswax Dyson Farming Ltd,Beeswax Dyson Farming Ltd,Completed,Nocton Farms,LN4 2AB,Stubton Farm Block,Wedding Field,Wedding Field.B,B,5.9,SK8849,7054,323,,Wheat Winter,Crusoe,45139,Pig Manure (Stubton),5.9,20,5.9,20,118,t,Manure Total CaO,81.6,2
2024,Beeswax Dyson Farming Ltd,Beeswax Dyson Farming Ltd,Completed,Nocton Farms,LN4 2AB,Stubton Farm Block,Wedding Field,Wedding Field.B,B,5.9,SK8849,7054,323,,Wheat Winter,Crusoe,45139,Pig Manure (Stubton),5.9,20,5.9,20,118,t,Manure Total K20,238.4,2
2024,Beeswax Dyson Farming Ltd,Beeswax Dyson Farming Ltd,Completed,Nocton Farms,LN4 2AB,Stubton Farm Block,Wedding Field,Wedding Field.B,B,5.9,SK8849,7054,323,,Wheat Winter,Crusoe,45139,Pig Manure (Stubton),5.9,20,5.9,20,118,t,Manure Total MgO,45.2,2
2024,Beeswax Dyson Farming Ltd,Beeswax Dyson Farming Ltd,Completed,Nocton Farms,LN4 2AB,Stubton Farm Block,Wedding Field,Wedding Field.B,B,5.9,SK8849,7054,323,,Wheat Winter,Crusoe,45139,Pig Manure (Stubton),5.9,20,5.9,20,118,t,Manure Total N,151.4,2
2024,Beeswax Dyson Farming Ltd,Beeswax Dyson Farming Ltd,Completed,Nocton Farms,LN4 2AB,Stubton Farm Block,Wedding Field,Wedding Field.B,B,5.9,SK8849,7054,323,,Wheat Winter,Crusoe,45139,Pig Manure (Stubton),5.9,20,5.9,20,118,t,Manure Total P205,94.6,2
2024,Beeswax Dyson Farming Ltd,Beeswax Dyson Farming Ltd,Completed,Nocton Farms,LN4 2AB,Stubton Farm Block,Wedding Field,Wedding Field.B,B,5.9,SK8849,7054,323,,Wheat Winter,Crusoe,45139,Pig Manure (Stubton),5.9,20,5.9,20,118,t,Manure Total SO3,66,2
2024,Beeswax Dyson Farming Ltd,Beeswax Dyson Farming Ltd,Completed,Nocton Farms,LN4 2AB,Stubton Farm Block,Wedding Field,Wedding Field.B,B,5.9,SK8849,7054,323,,Wheat Winter,Crusoe,45139,Pig Manure (Stubton),5.9,20,5.9,20,118,t,N,64.6,2
2024,Beeswax Dyson Farming Ltd,Beeswax Dyson Farming Ltd,Completed,Nocton Farms,LN4 2AB,Stubton Farm Block,Wedding Field,Wedding Field.B,B,5.9,SK8849,7054,323,,Wheat Winter,Crusoe,45139,Pig Manure (Stubton),5.9,20,5.9,20,118,t,P2O5,56.76,2
2024,Beeswax Dyson Farming Ltd,Beeswax Dyson Farming Ltd,Completed,Nocton Farms,LN4 2AB,Stubton Farm Block,Wood Field,Wood Field.B,B,10.75,SK8949,1663,327,,Sugar Beet,Button,45139,Pig Manure (Stubton),10.75,20,10.75,20,215,t,K2O,214.6,1
2024,Beeswax Dyson Farming Ltd,Beeswax Dyson Farming Ltd,Completed,Nocton Farms,LN4 2AB,Stubton Farm Block,Wood Field,Wood Field.B,B,10.75,SK8949,1663,327,,Sugar Beet,Button,45139,Pig Manure (Stubton),10.75,20,10.75,20,215,t,Manure NH4-N,64.6,1
2024,Beeswax Dyson Farming Ltd,Beeswax Dyson Farming Ltd,Completed,Nocton Farms,LN4 2AB,Stubton Farm Block,Wood Field,Wood Field.B,B,10.75,SK8949,1663,327,,Sugar Beet,Button,45139,Pig Manure (Stubton),10.75,20,10.75,20,215,t,Manure NO3-N,0.2,1
2024,Beeswax Dyson Farming Ltd,Beeswax Dyson Farming Ltd,Completed,Nocton Farms,LN4 2AB,Stubton Farm Block,Wood Field,Wood Field.B,B,10.75,SK8949,1663,327,,Sugar Beet,Button,45139,Pig Manure (Stubton),10.75,20,10.75,20,215,t,Manure Total CaO,81.6,1
2024,Beeswax Dyson Farming Ltd,Beeswax Dyson Farming Ltd,Completed,Nocton Farms,LN4 2AB,Stubton Farm Block,Wood Field,Wood Field.B,B,10.75,SK8949,1663,327,,Sugar Beet,Button,45139,Pig Manure (Stubton),10.75,20,10.75,20,215,t,Manure Total K20,238.4,1
2024,Beeswax Dyson Farming Ltd,Beeswax Dyson Farming Ltd,Completed,Nocton Farms,LN4 2AB,Stubton Farm Block,Wood Field,Wood Field.B,B,10.75,SK8949,1663,327,,Sugar Beet,Button,45139,Pig Manure (Stubton),10.75,20,10.75,20,215,t,Manure Total MgO,45.2,1
2024,Beeswax Dyson Farming Ltd,Beeswax Dyson Farming Ltd,Completed,Nocton Farms,LN4 2AB,Stubton Farm Block,Wood Field,Wood Field.B,B,10.75,SK8949,1663,327,,Sugar Beet,Button,45139,Pig Manure (Stubton),10.75,20,10.75,20,215,t,Manure Total N,151.4,1
2024,Beeswax Dyson Farming Ltd,Beeswax Dyson Farming Ltd,Completed,Nocton Farms,LN4 2AB,Stubton Farm Block,Wood Field,Wood Field.B,B,10.75,SK8949,1663,327,,Sugar Beet,Button,45139,Pig Manure (Stubton),10.75,20,10.75,20,215,t,Manure Total P205,94.6,1
2024,Beeswax Dyson Farming Ltd,Beeswax Dyson Farming Ltd,Completed,Nocton Farms,LN4 2AB,Stubton Farm Block,Wood Field,Wood Field.B,B,10.75,SK8949,1663,327,,Sugar Beet,Button,45139,Pig Manure (Stubton),10.75,20,10.75,20,215,t,Manure Total SO3,66,1
2024,Beeswax Dyson Farming Ltd,Beeswax Dyson Farming Ltd,Completed,Nocton Farms,LN4 2AB,Stubton Farm Block,Wood Field,Wood Field.B,B,10.75,SK8949,1663,327,,Sugar Beet,Button,45139,Pig Manure (Stubton),10.75,20,10.75,20,215,t,N,64.6,1
2024,Beeswax Dyson Farming Ltd,Beeswax Dyson Farming Ltd,Completed,Nocton Farms,LN4 2AB,Stubton Farm Block,Wood Field,Wood Field.B,B,10.75,SK8949,1663,327,,Sugar Beet,Button,45139,Pig Manure (Stubton),10.75,20,10.75,20,215,t,P2O5,56.76,1
2024,Beeswax Dyson Farming Ltd,Beeswax Dyson Farming Ltd,Completed,Nocton Farms,LN4 2AB,Stubton Farm Block,Airfield,Airfield.B,B,22.44,SK8951,3169,105,Airfield,Rape Winter,LG Adeline,45310,Yara N25:14.3so3,22.44,312.99,22.44,312.99,7023.5,L,N,78.25,1
2024,Beeswax Dyson Farming Ltd,Beeswax Dyson Farming Ltd,Completed,Nocton Farms,LN4 2AB,Stubton Farm Block,Airfield,Airfield.B,B,22.44,SK8951,3169,105,Airfield,Rape Winter,LG Adeline,45310,Yara N25:14.3so3,22.44,312.99,22.44,312.99,7023.5,L,SO3,44.76,1
2024,Beeswax Dyson Farming Ltd,Beeswax Dyson Farming Ltd,Completed,Nocton Farms,LN4 2AB,Stubton Farm Block,Airfield,Airfield.B,B,22.44,SK8951,3169,105,Airfield,Rape Winter,LG Adeline,45360,Yara N25:14.3so3,22.44,273.866,22.44,273.866,6145.562,L,N,68.47,1
2024,Beeswax Dyson Farming Ltd,Beeswax Dyson Farming Ltd,Completed,Nocton Farms,LN4 2AB,Stubton Farm Block,Airfield,Airfield.B,B,22.44,SK8951,3169,105,Airfield,Rape Winter,LG Adeline,45360,Yara N25:14.3so3,22.44,273.866,22.44,273.866,6145.562,L,SO3,39.16,1
2024,Beeswax Dyson Farming Ltd,Beeswax Dyson Farming Ltd,Completed,Nocton Farms,LN4 2AB,Stubton Farm Block,Barrier Field,Barrier Field.B,B,9.36,SK8850,9599,113,Barrier Field,Rape Winter,LG Adeline,45310,Yara N25:14.3so3,9.36,312.99,9.36,312.99,2929.588,L,N,78.25,1
2024,Beeswax Dyson Farming Ltd,Beeswax Dyson Farming Ltd,Completed,Nocton Farms,LN4 2AB,Stubton Farm Block,Barrier Field,Barrier Field.B,B,9.36,SK8850,9599,113,Barrier Field,Rape Winter,LG Adeline,45310,Yara N25:14.3so3,9.36,312.99,9.36,312.99,2929.588,L,SO3,44.76,1
2024,Beeswax Dyson Farming Ltd,Beeswax Dyson Farming Ltd,Completed,Nocton Farms,LN4 2AB,Stubton Farm Block,Barrier Field,Barrier Field.B,B,9.36,SK8850,9599,113,Barrier Field,Rape Winter,LG Adeline,45360,Yara N25:14.3so3,9.36,273.866,9.36,273.866,2563.39,L,N,68.47,1
2024,Beeswax Dyson Farming Ltd,Beeswax Dyson Farming Ltd,Completed,Nocton Farms,LN4 2AB,Stubton Farm Block,Barrier Field,Barrier Field.B,B,9.36,SK8850,9599,113,Barrier Field,Rape Winter,LG Adeline,45360,Yara N25:14.3so3,9.36,273.866,9.36,273.866,2563.39,L,SO3,39.16,1
2024,Beeswax Dyson Farming Ltd,Beeswax Dyson Farming Ltd,Completed,Nocton Farms,LN4 2AB,Stubton Farm Block,Bottom/Top Simons,Bottom/Top Simons.B,B,18.84,SK8851,8636,125,Bottom/Top Simons,Rape Winter,LG Adeline,45310,Yara N25:14.3so3,18.84,312.99,18.84,312.99,5896.735,L,N,78.25,1
2024,Beeswax Dyson Farming Ltd,Beeswax Dyson Farming Ltd,Completed,Nocton Farms,LN4 2AB,Stubton Farm Block,Bottom/Top Simons,Bottom/Top Simons.B,B,18.84,SK8851,8636,125,Bottom/Top Simons,Rape Winter,LG Adeline,45310,Yara N25:14.3so3,18.84,312.99,18.84,312.99,5896.735,L,SO3,44.76,1
2024,Beeswax Dyson Farming Ltd,Beeswax Dyson Farming Ltd,Completed,Nocton Farms,LN4 2AB,Stubton Farm Block,Bottom/Top Simons,Bottom/Top Simons.B,B,18.84,SK8851,8636,125,Bottom/Top Simons,Rape Winter,LG Adeline,45360,Yara N25:14.3so3,18.84,273.866,18.84,273.866,5159.643,L,N,68.47,1
2024,Beeswax Dyson Farming Ltd,Beeswax Dyson Farming Ltd,Completed,Nocton Farms,LN4 2AB,Stubton Farm Block,Bottom/Top Simons,Bottom/Top Simons.B,B,18.84,SK8851,8636,125,Bottom/Top Simons,Rape Winter,LG Adeline,45360,Yara N25:14.3so3,18.84,273.866,18.84,273.866,5159.643,L,SO3,39.16,1
2024,Beeswax Dyson Farming Ltd,Beeswax Dyson Farming Ltd,Completed,Nocton Farms,LN4 2AB,Stubton Farm Block,Concrete Field,Concrete Field.C,C,4.81,SK8851,6301,138,Concrete Field,Rape Winter,LG Adeline,45310,Yara N25:14.3so3,4.81,312.99,4.81,312.99,1505.483,L,N,78.25,1
2024,Beeswax Dyson Farming Ltd,Beeswax Dyson Farming Ltd,Completed,Nocton Farms,LN4 2AB,Stubton Farm Block,Concrete Field,Concrete Field.C,C,4.81,SK8851,6301,138,Concrete Field,Rape Winter,LG Adeline,45310,Yara N25:14.3so3,4.81,312.99,4.81,312.99,1505.483,L,SO3,44.76,1
2024,Beeswax Dyson Farming Ltd,Beeswax Dyson Farming Ltd,Completed,Nocton Farms,LN4 2AB,Stubton Farm Block,Concrete Field,Concrete Field.C,C,4.81,SK8851,6301,138,Concrete Field,Rape Winter,LG Adeline,45360,Yara N25:14.3so3,4.81,273.866,4.81,273.866,1317.297,L,N,68.47,1
2024,Beeswax Dyson Farming Ltd,Beeswax Dyson Farming Ltd,Completed,Nocton Farms,LN4 2AB,Stubton Farm Block,Concrete Field,Concrete Field.C,C,4.81,SK8851,6301,138,Concrete Field,Rape Winter,LG Adeline,45360,Yara N25:14.3so3,4.81,273.866,4.81,273.866,1317.297,L,SO3,39.16,1
2024,Beeswax Dyson Farming Ltd,Beeswax Dyson Farming Ltd,Completed,Nocton Farms,LN4 2AB,Stubton Farm Block,North 20ac,North 20ac.B,B,7.26,SK8951,294,247,North 20ac,Rape Winter,LG Adeline,45310,Yara N25:14.3so3,7.26,312.99,7.26,312.99,2272.309,L,N,78.25,1
2024,Beeswax Dyson Farming Ltd,Beeswax Dyson Farming Ltd,Completed,Nocton Farms,LN4 2AB,Stubton Farm Block,North 20ac,North 20ac.B,B,7.26,SK8951,294,247,North 20ac,Rape Winter,LG Adeline,45310,Yara N25:14.3so3,7.26,312.99,7.26,312.99,2272.309,L,SO3,44.76,1
2024,Beeswax Dyson Farming Ltd,Beeswax Dyson Farming Ltd,Completed,Nocton Farms,LN4 2AB,Stubton Farm Block,North 20ac,North 20ac.B,B,7.26,SK8951,294,247,North 20ac,Rape Winter,LG Adeline,45360,Yara N25:14.3so3,7.26,273.866,7.26,273.866,1988.27,L,N,68.47,1
2024,Beeswax Dyson Farming Ltd,Beeswax Dyson Farming Ltd,Completed,Nocton Farms,LN4 2AB,Stubton Farm Block,North 20ac,North 20ac.B,B,7.26,SK8951,294,247,North 20ac,Rape Winter,LG Adeline,45360,Yara N25:14.3so3,7.26,273.866,7.26,273.866,1988.27,L,SO3,39.16,1
2024,Beeswax Dyson Farming Ltd,Beeswax Dyson Farming Ltd,Completed,Nocton Farms,LN4 2AB,Stubton Farm Block,North Field,North Field.B,B,30.92,SK8851,3826,249,,Rape Winter,LG Adeline,45310,Yara N25:14.3so3,30.92,312.99,30.92,312.99,9677.657,L,N,78.25,1
2024,Beeswax Dyson Farming Ltd,Beeswax Dyson Farming Ltd,Completed,Nocton Farms,LN4 2AB,Stubton Farm Block,North Field,North Field.B,B,30.92,SK8851,3826,249,,Rape Winter,LG Adeline,45310,Yara N25:14.3so3,30.92,312.99,30.92,312.99,9677.657,L,SO3,44.76,1
2024,Beeswax Dyson Farming Ltd,Beeswax Dyson Farming Ltd,Completed,Nocton Farms,LN4 2AB,Stubton Farm Block,North Field,North Field.B,B,30.92,SK8851,3826,249,,Rape Winter,LG Adeline,45360,Yara N25:14.3so3,30.92,273.866,30.92,273.866,8467.949,L,N,68.47,1
2024,Beeswax Dyson Farming Ltd,Beeswax Dyson Farming Ltd,Completed,Nocton Farms,LN4 2AB,Stubton Farm Block,North Field,North Field.B,B,30.92,SK8851,3826,249,,Rape Winter,LG Adeline,45360,Yara N25:14.3so3,30.92,273.866,30.92,273.866,8467.949,L,SO3,39.16,1
2024,Beeswax Dyson Farming Ltd,Beeswax Dyson Farming Ltd,Completed,Nocton Farms,LN4 2AB,Stubton Farm Block,Balloon Field,Balloon Field.B,B,18.84,SK8849,764,110,Balloon Field,Wheat Winter,Crusoe,45408,YaraVita Gramitrel,18.84,1.952,18.84,1.952,36.769,L,Cu,0,2
2024,Beeswax Dyson Farming Ltd,Beeswax Dyson Farming Ltd,Completed,Nocton Farms,LN4 2AB,Stubton Farm Block,Brandon Field,Brandon Field.B,B,13.7,SK8947,9181,126,Brandon Field,Wheat Spring,Nissaba,45431,YaraVita Gramitrel,13.7,1.952,13.7,1.952,26.738,L,Cu,0,2
2024,Beeswax Dyson Farming Ltd,Beeswax Dyson Farming Ltd,Completed,Nocton Farms,LN4 2AB,Stubton Farm Block,Bridge Field Stub,Bridge Field Stub.B,B,29.9,SK8948,4604,127,Bridge Field Stub,Wheat Spring,KWS Cochise,45431,YaraVita Gramitrel,29.9,1.952,29.9,1.952,58.355,L,Cu,0,1
2024,Beeswax Dyson Farming Ltd,Beeswax Dyson Farming Ltd,Completed,Nocton Farms,LN4 2AB,Stubton Farm Block,Conifer Field,Conifer Field.C,C,21.42,SK8749,9636,139,Conifer Field,Wheat Winter,Crusoe,45409,YaraVita Gramitrel,21.42,1.952,21.42,1.952,41.805,L,Cu,0,2
2024,Beeswax Dyson Farming Ltd,Beeswax Dyson Farming Ltd,Completed,Nocton Farms,LN4 2AB,Stubton Farm Block,England Field,England Field.C,C,30.92,SK8850,7215,166,England Field,Wheat Winter,Crusoe,45408,YaraVita Gramitrel,30.92,1.952,30.92,1.952,60.346,L,Cu,0,2
2024,Beeswax Dyson Farming Ltd,Beeswax Dyson Farming Ltd,Completed,Nocton Farms,LN4 2AB,Stubton Farm Block,Gorse Field,Gorse Field.B,B,16.36,SK8949,6185,197,,Oats Winter,Mascani,45399,YaraVita Gramitrel,16.36,1.952,16.36,1.952,31.929,L,Cu,0,1
2024,Beeswax Dyson Farming Ltd,Beeswax Dyson Farming Ltd,Completed,Nocton Farms,LN4 2AB,Stubton Farm Block,Little Gates,Little Gates.C,C,41.1,SK8748,9425,225,,Wheat Winter,KWS Extase,45409,YaraVita Gramitrel,41.1,1.952,41.1,1.952,80.214,L,Cu,0,2
2024,Beeswax Dyson Farming Ltd,Beeswax Dyson Farming Ltd,Completed,Nocton Farms,LN4 2AB,Stubton Farm Block,Long Field (Stubton),Long Field (Stubton).B,B,30.88,SK8850,4818,228,,Wheat Winter,Crusoe,45408,YaraVita Gramitrel,30.88,1.952,30.88,1.952,60.268,L,Cu,0,2
2024,Beeswax Dyson Farming Ltd,Beeswax Dyson Farming Ltd,Completed,Nocton Farms,LN4 2AB,Stubton Farm Block,Middle Field,Middle Field.C,C,22.02,SK8750,9738,236,,Wheat Winter,Crusoe,45408,YaraVita Gramitrel,22.02,1.952,22.02,1.952,42.976,L,Cu,0,2
2024,Beeswax Dyson Farming Ltd,Beeswax Dyson Farming Ltd,Completed,Nocton Farms,LN4 2AB,Stubton Farm Block,Rectory,Rectory.B,B,17.33,SK8748,6143,262,,Wheat Winter,KWS Extase,45409,YaraVita Gramitrel,17.33,1.952,17.33,1.952,33.822,L,Cu,0,2
2024,Beeswax Dyson Farming Ltd,Beeswax Dyson Farming Ltd,Completed,Nocton Farms,LN4 2AB,Stubton Farm Block,Rookery,Rookery.B,B,13.34,SK8749,9194,264,,Wheat Winter,Crusoe,45408,YaraVita Gramitrel,13.34,1.952,13.34,1.952,26.035,L,Cu,0,2
2024,Beeswax Dyson Farming Ltd,Beeswax Dyson Farming Ltd,Completed,Nocton Farms,LN4 2AB,Stubton Farm Block,Village Field,Village Field.B,B,9.44,SK8850,3266,315,,Wheat Winter,Crusoe,45408,YaraVita Gramitrel,9.44,1.952,9.44,1.952,18.424,L,Cu,0,2
2024,Beeswax Dyson Farming Ltd,Beeswax Dyson Farming Ltd,Completed,Nocton Farms,LN4 2AB,Stubton Farm Block,Warren,Warren.B,B,13.27,SK8948,331,322,,Wheat Spring,Nissaba,45431,YaraVita Gramitrel,13.27,1.952,13.27,1.952,25.899,L,Cu,0,1
2024,Beeswax Dyson Farming Ltd,Beeswax Dyson Farming Ltd,Completed,Nocton Farms,LN4 2AB,Stubton Farm Block,Wedding Field,Wedding Field.B,B,5.9,SK8849,7054,323,,Wheat Winter,Crusoe,45409,YaraVita Gramitrel,5.9,1.952,5.9,1.952,11.515,L,Cu,0,2