"","Name","Quantity","units","ecid","section"
"1","Astrokerb",37.797,"l","inpu_00096","inputs"
"2","Aquascope",1.63,"l","inpu_00638","inputs"
"3","Centurion Max",8.619,"l","inpu_00629","inputs"
"4","YaraVita Brassitrel Pro",64.319,"l","inpu_00664","inputs"
"5","Aurelia",9.631,"l","inpu_00311","inputs"
"6","X-Change",5.097,"l","inpu_00638","inputs"
"7","Rosate 360 TF",83.969,"l","inpu_00629","inputs"
"8","Omex Folex Magnesium",105.198,"l","inpu_06861","inputs"
"9","Amistar",16.468,"l","inpu_00308","inputs"
"10","Clayton Tuskar",11.375,"l","inpu_04210","inputs"
"11","Crop Rooter Plus",9.418,"l","inpu_00664","inputs"
"12","Fusilade Max",10.627,"l","inpu_00388","inputs"
"13","Pod-Stick",20.517,"l","inpu_00638","inputs"
"14","YaraVita Brassitrel Pro",64.167,"l","inpu_00664","inputs"
"15","Aurelia",8.625,"l","inpu_00311","inputs"
"16","Menorexx",90.557,"kg","inpu_06447","inputs"
"17","Aquascope",4.243,"l","inpu_00638","inputs"
"18","Motif",66.554,"l","inpu_02694","inputs"
"19","Menorexx",90.557,"kg","inpu_06447","inputs"
"20","Aquascope",3.562,"l","inpu_00638","inputs"
"21","Biopower",17.809,"l","inpu_06844","inputs"
"22","Hatra",22.608,"l","inpu_00393","inputs"
"23","Isolator",10.915,"l","inpu_00394","inputs"
"24","Stomp Aqua",40.192,"l","inpu_03479","inputs"
"25","Lambdastar",0.527,"l","inpu_00630","inputs"
"26","Ferrex",81.794,"kg","inpu_00632","inputs"
"27","X-ecute",74.614,"kg","inpu_00632","inputs"
"28","Roundup Powermax",28.26,"kg","inpu_03193","inputs"
"29","Menorexx",84.717,"kg","inpu_06447","inputs"
"30","Mn Super",9.666,"l","inpu_00664","inputs"
"31","Yara Crop Boost",55.512,"l","inpu_00664","inputs"
"32","Iodus",14.022,"l","inpu_00327","inputs"
"33","Zonor",9.251,"l","inpu_05726","inputs"
"34","Stabilan 750",18.318,"l","inpu_00180","inputs"
"35","Trinexis",1.889,"l","inpu_06818","inputs"
"36","Kipota",4.315,"l","inpu_02351","inputs"
"37","Arizona",26.608,"l","inpu_00309","inputs"
"38","Cello",0,"l","inpu_00313","inputs"
"39","Vimoy",0,"l","inpu_05678","inputs"
"40","Stabilan 750",18.318,"l","inpu_00180","inputs"
"41","Trinexis",2.833,"l","inpu_06818","inputs"
"42","Jubilee SX",0.380599,"kg","inpu_00628","inputs"
"43","Starane Hi-Load HL",5.514,"l","inpu_00426","inputs"
"44","Omex Folex Magnesium",88.322,"l","inpu_06861","inputs"
"45","Amistar",7.374,"l","inpu_00308","inputs"
"46","ERA",19.109,"l","inpu_00625","inputs"
"47","Miravis Plus",0,"l","inpu_04925","inputs"
"48","Phoenix",18.941,"l","inpu_00339","inputs"
"49","Crop Rooter Plus",11.938,"l","inpu_00664","inputs"
"50","Omex Folex Magnesium",88.322,"l","inpu_06861","inputs"
"51","Amistar",13.826,"l","inpu_00308","inputs"
"52","Soratel",9.344,"l","inpu_05412","inputs"
"53","Astrokerb",15.766,"l","inpu_00096","inputs"
"54","YaraVita Brassitrel Pro",26.828,"l","inpu_00664","inputs"
"55","Aurelia",4.017,"l","inpu_00311","inputs"
"56","X-Change",2.126,"l","inpu_00638","inputs"
"57","Rosate 360 TF",35.025,"l","inpu_00629","inputs"
"58","Omex Folex Magnesium",43.879,"l","inpu_06861","inputs"
"59","Amistar",6.869,"l","inpu_00308","inputs"
"60","Clayton Tuskar",4.745,"l","inpu_04210","inputs"
"61","Crop Rooter Plus",6.222,"l","inpu_00664","inputs"
"62","Fusilade Max",7.02,"l","inpu_00388","inputs"
"63","Pod-Stick",8.558,"l","inpu_00638","inputs"
"64","YaraVita Brassitrel Pro",26.765,"l","inpu_00664","inputs"
"65","Aurelia",3.598,"l","inpu_00311","inputs"
"66","Menorexx",37.772,"kg","inpu_06447","inputs"
"67","Aquascope",1.77,"l","inpu_00638","inputs"
"68","Motif",27.761,"l","inpu_02694","inputs"
"69","Menorexx",37.772,"kg","inpu_06447","inputs"
"70","Astrokerb",31.733,"l","inpu_00096","inputs"
"71","YaraVita Brassitrel Pro",54,"l","inpu_00664","inputs"
"72","Aurelia",8.086,"l","inpu_00311","inputs"
"73","X-Change",4.279,"l","inpu_00638","inputs"
"74","Rosate 360 TF",70.498,"l","inpu_00629","inputs"
"75","Omex Folex Magnesium",88.322,"l","inpu_06861","inputs"
"76","Amistar",13.826,"l","inpu_00308","inputs"
"77","Clayton Tuskar",9.55,"l","inpu_04210","inputs"
"78","Crop Rooter Plus",12.523,"l","inpu_00664","inputs"
"79","Fusilade Max",14.13,"l","inpu_00388","inputs"
"80","Pod-Stick",17.226,"l","inpu_00638","inputs"
"81","YaraVita Brassitrel Pro",53.873,"l","inpu_00664","inputs"
"82","Aurelia",7.242,"l","inpu_00311","inputs"
"83","Menorexx",76.029,"kg","inpu_06447","inputs"
"84","Aquascope",3.562,"l","inpu_00638","inputs"
"85","Motif",55.877,"l","inpu_02694","inputs"
"86","Menorexx",76.029,"kg","inpu_06447","inputs"
"87","Ferrex",59.479,"kg","inpu_00632","inputs"
"88","Roundup Powermax",20.55,"kg","inpu_03193","inputs"
"89","Menorexx",61.604,"kg","inpu_06447","inputs"
"90","NitroShield 25",1.851,"l","inpu_00638","inputs"
"91","Intracrop Adhere",2.956,"l","inpu_00638","inputs"
"92","Clayton Facet XL",4.044,"l","inpu_00629","inputs"
"93","Picona",41.371,"l","inpu_02932","inputs"
"94","X-ecute",54.918,"kg","inpu_00632","inputs"
"95","Amistar",10.724,"l","inpu_00308","inputs"
"96","Tebucur 250",6.28,"l","inpu_00350","inputs"
"97","Curve",0.906,"l","inpu_06623","inputs"
"98","Palermo",12.484,"l","inpu_06715","inputs"
"99","Jubilee SX",0.276763,"kg","inpu_00628","inputs"
"100","Starane Hi-Load HL",4.009,"l","inpu_00426","inputs"
"101","Mn Super",7.029,"l","inpu_00664","inputs"
"102","Omex Folex Magnesium",64.225,"l","inpu_06861","inputs"
"103","Kantor",1.97,"l","inpu_00638","inputs"
"104","Amistar",10.054,"l","inpu_00308","inputs"
"105","Tubosan",5.677,"l","inpu_05626","inputs"
"106","Medax Max",3.654,"kg","inpu_06687","inputs"
"107","Kipota",3.138,"l","inpu_02351","inputs"
"108","Crop Rooter Plus",8.681,"l","inpu_00664","inputs"
"109","Omex Folex Magnesium",64.225,"l","inpu_06861","inputs"
"110","Tebucur 250",9.42,"l","inpu_00350","inputs"
"111","Mn Super",7.029,"l","inpu_00664","inputs"
"112","Yara Maize Boost",59.55,"l","inpu_00664","inputs"
"113","Tebucur 250",5.024,"l","inpu_00350","inputs"
"114","NitroShield 25",4.042,"l","inpu_00638","inputs"
"115","Intracrop Adhere",6.45,"l","inpu_00638","inputs"
"116","Clayton Facet XL",8.826,"l","inpu_00629","inputs"
"117","Picona",90.292,"l","inpu_02932","inputs"
"118","Amistar",23.406,"l","inpu_00308","inputs"
"119","Tebucur 250",13.705,"l","inpu_00350","inputs"
"120","Curve",1.978,"l","inpu_06623","inputs"
"121","Palermo",27.246,"l","inpu_06715","inputs"
"122","Jubilee SX",0.604029,"kg","inpu_00628","inputs"
"123","Starane Hi-Load HL",8.75,"l","inpu_00426","inputs"
"124","Mn Super",15.34,"l","inpu_00664","inputs"
"125","Omex Folex Magnesium",140.171,"l","inpu_06861","inputs"
"126","Kantor",4.299,"l","inpu_00638","inputs"
"127","Amistar",21.943,"l","inpu_00308","inputs"
"128","Tubosan",12.389,"l","inpu_05626","inputs"
"129","Medax Max",7.976,"kg","inpu_06687","inputs"
"130","Crop Rooter Plus",18.946,"l","inpu_00664","inputs"
"131","Omex Folex Magnesium",140.171,"l","inpu_06861","inputs"
"132","Tebucur 250",20.558,"l","inpu_00350","inputs"
"133","Mn Super",15.34,"l","inpu_00664","inputs"
"134","Yara Maize Boost",129.966,"l","inpu_00664","inputs"
"135","Tebucur 250",10.964,"l","inpu_00350","inputs"
"136","Aquascope",4.076,"l","inpu_00638","inputs"
"137","Motif",63.944,"l","inpu_02694","inputs"
"138","Aquascope",5.214,"l","inpu_00638","inputs"
"139","Motif",63.949,"l","inpu_02694","inputs"
"140","Aquascope",5.214,"l","inpu_00638","inputs"
"141","Motif",63.949,"l","inpu_02694","inputs"
"142","Omex Folex Magnesium",101.073,"l","inpu_06861","inputs"
"143","Angle",21.252,"l","inpu_03891","inputs"
"144","Status",5.405,"l","inpu_03445","inputs"
"145","YaraVita Brassitrel Pro",61.65,"l","inpu_00664","inputs"
"146","Kantor",3.1,"l","inpu_00638","inputs"
"147","Angle",21.252,"l","inpu_03891","inputs"
"148","Limus Clear",6.028,"l","inpu_00638","inputs"
"149","phase 2",13.397,"l","inpu_00638","inputs"
"150","Glotron 700 SC",20.647,"l","inpu_02011","inputs"
"151","Magic Tandem",21.769,"l","inpu_02519","inputs"
"152","Venzar 500SC",8.89,"l","inpu_03701","inputs"
"153","Crop Rooter Plus",13.661,"l","inpu_00664","inputs"
"154","Clayton Cocoon",5.671,"l","inpu_01328","inputs"
"155","Magic Tandem",32.653,"l","inpu_02519","inputs"
"156","Clayton Cocoon",5.671,"l","inpu_01328","inputs"
"157","Magic Tandem",32.653,"l","inpu_02519","inputs"
"158","Shiro",0.628713,"kg","inpu_00423","inputs"
"159","Shogun",12.758,"l","inpu_00159","inputs"
"160","Intracrop Adhere",4.651,"l","inpu_00638","inputs"
"161","Efeckt",22.749,"l","inpu_01748","inputs"
"162","Target Flo",32.022,"l","inpu_00431","inputs"
"163","Sluxx HP",107.816,"kg","inpu_06499","inputs"
"164","Astrokerb",8.102,"l","inpu_00096","inputs"
"165","YaraVita Brassitrel Pro",13.787,"l","inpu_00664","inputs"
"166","Aurelia",2.064,"l","inpu_00311","inputs"
"167","X-Change",1.093,"l","inpu_00638","inputs"
"168","Rosate 360 TF",17.999,"l","inpu_00629","inputs"
"169","Omex Folex Magnesium",22.549,"l","inpu_06861","inputs"
"170","Amistar",3.53,"l","inpu_00308","inputs"
"171","Clayton Tuskar",2.438,"l","inpu_04210","inputs"
"172","Crop Rooter Plus",3.197,"l","inpu_00664","inputs"
"173","Fusilade Max",3.608,"l","inpu_00388","inputs"
"174","Pod-Stick",4.398,"l","inpu_00638","inputs"
"175","YaraVita Brassitrel Pro",13.754,"l","inpu_00664","inputs"
"176","Aurelia",1.849,"l","inpu_00311","inputs"
"177","Menorexx",19.411,"kg","inpu_06447","inputs"
"178","Aquascope",0.909,"l","inpu_00638","inputs"
"179","Motif",14.266,"l","inpu_02694","inputs"
"180","Menorexx",19.411,"kg","inpu_06447","inputs"
"181","Ferrex",92.995,"kg","inpu_00632","inputs"
"182","Roundup Powermax",32.13,"kg","inpu_03193","inputs"
"183","Menorexx",96.318,"kg","inpu_06447","inputs"
"184","Crop Rooter Plus",14.238,"l","inpu_00664","inputs"
"185","Mn Super",10.991,"l","inpu_00664","inputs"
"186","Isolator",6.205,"l","inpu_00394","inputs"
"187","Luxinum Plus",0,"l","inpu_02507","inputs"
"188","Stomp Aqua",21.266,"l","inpu_03479","inputs"
"189","Lambdastar",0.6,"l","inpu_00630","inputs"
"190","Mn Super",10.99,"l","inpu_00664","inputs"
"191","Yara Crop Boost",63.114,"l","inpu_00664","inputs"
"192","Iodus",15.942,"l","inpu_00327","inputs"
"193","Zonor",10.518,"l","inpu_05726","inputs"
"194","Stabilan 750",20.827,"l","inpu_00180","inputs"
"195","Trinexis",2.148,"l","inpu_06818","inputs"
"196","Cameo SX",0.479093,"kg","inpu_01223","inputs"
"197","Kipota",4.906,"l","inpu_02351","inputs"
"198","Arizona",30.251,"l","inpu_00309","inputs"
"199","Cello",0,"l","inpu_00313","inputs"
"200","Vimoy",0,"l","inpu_05678","inputs"
"201","Curve",2.835,"l","inpu_06623","inputs"
"202","Stabilan 750",20.827,"l","inpu_00180","inputs"
"203","Starane Hi-Load HL",12.537,"l","inpu_00426","inputs"
"204","Omex Folex Magnesium",100.417,"l","inpu_06861","inputs"
"205","Amistar",8.384,"l","inpu_00308","inputs"
"206","ERA",21.726,"l","inpu_00625","inputs"
"207","Miravis Plus",0,"l","inpu_04925","inputs"
"208","Phoenix",21.535,"l","inpu_00339","inputs"
"209","Crop Rooter Plus",13.573,"l","inpu_00664","inputs"
"210","Omex Folex Magnesium",100.417,"l","inpu_06861","inputs"
"211","Amistar",15.72,"l","inpu_00308","inputs"
"212","Soratel",10.624,"l","inpu_05412","inputs"
"213","Yara Crop Boost",201.834,"l","inpu_00664","inputs"
"214","NitroShield 25",4.672,"l","inpu_00638","inputs"
"215","Nutrel K-MAN Plus",179.549,"l","inpu_00664","inputs"
"216","Kantor",5.909,"l","inpu_00638","inputs"
"217","Callisto",30.183,"l","inpu_00371","inputs"
"218","Milagro 40 OD",41.341,"l","inpu_02634","inputs"
"219","Anthem",140.526,"l","inpu_00095","inputs"
"220","Motif",60.953,"l","inpu_02694","inputs"
"221","Aquascope",7.771,"l","inpu_00638","inputs"
"222","Motif",121.898,"l","inpu_02694","inputs"
"223","Roundup Powermax",61.65,"kg","inpu_03193","inputs"
"224","Menorexx",165.859,"kg","inpu_06447","inputs"
"225","X-Change",9.335,"l","inpu_00638","inputs"
"226","Motif",121.907,"l","inpu_02694","inputs"
"227","X-Change",3.608,"l","inpu_00638","inputs"
"228","Motif",47.246,"l","inpu_02694","inputs"
"229","Menorexx",64.286,"kg","inpu_06447","inputs"
"230","Aquascope",3.853,"l","inpu_00638","inputs"
"231","Motif",47.25,"l","inpu_02694","inputs"
"232","Aquascope",3.853,"l","inpu_00638","inputs"
"233","Motif",47.25,"l","inpu_02694","inputs"
"234","Omex Folex Magnesium",74.68,"l","inpu_06861","inputs"
"235","Angle",15.703,"l","inpu_03891","inputs"
"236","Status",3.994,"l","inpu_03445","inputs"
"237","YaraVita Brassitrel Pro",45.551,"l","inpu_00664","inputs"
"238","Kantor",2.291,"l","inpu_00638","inputs"
"239","Angle",15.703,"l","inpu_03891","inputs"
"240","phase 2",9.899,"l","inpu_00638","inputs"
"241","Glotron 700 SC",15.255,"l","inpu_02011","inputs"
"242","Magic Tandem",16.084,"l","inpu_02519","inputs"
"243","Venzar 500SC",6.569,"l","inpu_03701","inputs"
"244","Crop Rooter Plus",10.094,"l","inpu_00664","inputs"
"245","Clayton Cocoon",4.19,"l","inpu_01328","inputs"
"246","Magic Tandem",24.126,"l","inpu_02519","inputs"
"247","Clayton Cocoon",4.19,"l","inpu_01328","inputs"
"248","Magic Tandem",24.126,"l","inpu_02519","inputs"
"249","Shiro",0.464536,"kg","inpu_00423","inputs"
"250","Shogun",9.426,"l","inpu_00159","inputs"
"251","Intracrop Adhere",3.437,"l","inpu_00638","inputs"
"252","Efeckt",16.808,"l","inpu_01748","inputs"
"253","Target Flo",23.66,"l","inpu_00431","inputs"
"254","Sluxx HP",79.662,"kg","inpu_06499","inputs"
"255","Ferrex",134.239,"kg","inpu_00632","inputs"
"256","X-ecute",122.455,"kg","inpu_00632","inputs"
"257","Roundup Powermax",46.38,"kg","inpu_03193","inputs"
"258","Menorexx",139.036,"kg","inpu_06447","inputs"
"259","Crop Rooter Plus",20.553,"l","inpu_00664","inputs"
"260","Mn Super",15.866,"l","inpu_00664","inputs"
"261","Isolator",8.957,"l","inpu_00394","inputs"
"262","Luxinum Plus",0,"l","inpu_02507","inputs"
"263","Stomp Aqua",30.698,"l","inpu_03479","inputs"
"264","Lambdastar",0.866,"l","inpu_00630","inputs"
"265","Mn Super",15.864,"l","inpu_00664","inputs"
"266","Yara Crop Boost",91.105,"l","inpu_00664","inputs"
"267","Iodus",23.012,"l","inpu_00327","inputs"
"268","Zonor",15.183,"l","inpu_05726","inputs"
"269","Stabilan 750",30.063,"l","inpu_00180","inputs"
"270","Trinexis",3.1,"l","inpu_06818","inputs"
"271","Kipota",7.082,"l","inpu_02351","inputs"
"272","Arizona",43.668,"l","inpu_00309","inputs"
"273","Cello",0,"l","inpu_00313","inputs"
"274","Vimoy",0,"l","inpu_05678","inputs"
"275","Stabilan 750",30.063,"l","inpu_00180","inputs"
"276","Trinexis",4.65,"l","inpu_06818","inputs"
"277","Jubilee SX",0.624635,"kg","inpu_00628","inputs"
"278","Starane Hi-Load HL",9.049,"l","inpu_00426","inputs"
"279","Omex Folex Magnesium",144.952,"l","inpu_06861","inputs"
"280","Amistar",12.102,"l","inpu_00308","inputs"
"281","ERA",31.361,"l","inpu_00625","inputs"
"282","Miravis Plus",0,"l","inpu_04925","inputs"
"283","Phoenix",31.086,"l","inpu_00339","inputs"
"284","Crop Rooter Plus",19.592,"l","inpu_00664","inputs"
"285","Omex Folex Magnesium",144.952,"l","inpu_06861","inputs"
"286","Amistar",22.692,"l","inpu_00308","inputs"
"287","Soratel",15.336,"l","inpu_05412","inputs"
"288","Yara Crop Boost",20.036,"l","inpu_00664","inputs"
"289","Nutrel K-MAN Plus",17.824,"l","inpu_00664","inputs"
"290","Kantor",0.587,"l","inpu_00638","inputs"
"291","Callisto",2.996,"l","inpu_00371","inputs"
"292","Milagro 40 OD",4.104,"l","inpu_02634","inputs"
"293","Anthem",13.95,"l","inpu_00095","inputs"
"294","Aquascope",0.771,"l","inpu_00638","inputs"
"295","Motif",12.101,"l","inpu_02694","inputs"
"296","X-Change",0.927,"l","inpu_00638","inputs"
"297","Motif",12.102,"l","inpu_02694","inputs"
"298","Crop Rooter Plus",10.875,"l","inpu_00664","inputs"
"299","Mn Super",8.395,"l","inpu_00664","inputs"
"300","Lambdastar",0.458,"l","inpu_00630","inputs"
"301","Mn Super",8.394,"l","inpu_00664","inputs"
"302","Yara Crop Boost",48.204,"l","inpu_00664","inputs"
"303","Cyflamid",2.026,"l","inpu_00058","inputs"
"304","Zonor",6.427,"l","inpu_05726","inputs"
"305","Stabilan 750",15.907,"l","inpu_00180","inputs"
"306","Trinexis",2.46,"l","inpu_06818","inputs"
"307","Omex Folex Magnesium",76.695,"l","inpu_06861","inputs"
"308","Rylox",7.795,"l","inpu_00345","inputs"
"309","Soratel",4.869,"l","inpu_05412","inputs"
"310","Menorexx",66.021,"kg","inpu_06447","inputs"
"311","X-Change",3.706,"l","inpu_00638","inputs"
"312","Motif",48.522,"l","inpu_02694","inputs"
"313","Menorexx",66.021,"kg","inpu_06447","inputs"
"314","X-Change",3.716,"l","inpu_00638","inputs"
"315","Rosate 360 TF",45.914,"l","inpu_00629","inputs"
"316","Amistar",12.006,"l","inpu_00308","inputs"
"317","Zonor",8.033,"l","inpu_05726","inputs"
"318","Stabilan 750",15.907,"l","inpu_00180","inputs"
"319","Trinexis",3.281,"l","inpu_06818","inputs"
"320","Mn Super",1.298,"l","inpu_00664","inputs"
"321","Yara Crop Boost",7.455,"l","inpu_00664","inputs"
"322","Clayton Roulette",0.36,"l","inpu_04198","inputs"
"323","Tubosan",0.839,"l","inpu_05626","inputs"
"324","Curve",0.335,"l","inpu_06623","inputs"
"325","Stabilan 750",2.46,"l","inpu_00180","inputs"
"326","X-Change",0.573,"l","inpu_00638","inputs"
"327","Motif",7.504,"l","inpu_02694","inputs"
"328","Menorexx",10.21,"kg","inpu_06447","inputs"
"329","X-Change",0.575,"l","inpu_00638","inputs"
"330","Rosate 360 TF",7.1,"l","inpu_00629","inputs"
"331","Mn Super",1.298,"l","inpu_00664","inputs"
"332","Omex Folex Magnesium",11.861,"l","inpu_06861","inputs"
"333","Amistar",1.857,"l","inpu_00308","inputs"
"334","Zonor",1.242,"l","inpu_05726","inputs"
"335","Curve",0.446,"l","inpu_06623","inputs"
"336","Stabilan 750",2.46,"l","inpu_00180","inputs"
"337","Zypar",1.744,"l","inpu_03775","inputs"
"338","Omex Folex Magnesium",11.861,"l","inpu_06861","inputs"
"339","Kantor",0.364,"l","inpu_00638","inputs"
"340","Priaxor EC",1.249,"l","inpu_00080","inputs"
"341","Terpal",1.845,"l","inpu_00181","inputs"
"342","Mn Super",1.298,"l","inpu_00664","inputs"
"343","Anthem",5.005,"l","inpu_00095","inputs"
"344","Liberator",1.229,"l","inpu_00133","inputs"
"345","Hallmark With Zeon Technology",0.12,"l","inpu_00630","inputs"
"346","Sluxx HP",7.854,"kg","inpu_06499","inputs"
"347","X-Change",0.956,"l","inpu_00638","inputs"
"348","Motif",12.516,"l","inpu_02694","inputs"
"349","Menorexx",17.03,"kg","inpu_06447","inputs"
"350","Aquascope",1.021,"l","inpu_00638","inputs"
"351","Motif",12.517,"l","inpu_02694","inputs"
"352","Aquascope",1.021,"l","inpu_00638","inputs"
"353","Motif",12.517,"l","inpu_02694","inputs"
"354","Omex Folex Magnesium",19.783,"l","inpu_06861","inputs"
"355","Angle",4.16,"l","inpu_03891","inputs"
"356","Status",1.058,"l","inpu_03445","inputs"
"357","YaraVita Brassitrel Pro",12.067,"l","inpu_00664","inputs"
"358","Kantor",0.607,"l","inpu_00638","inputs"
"359","Angle",4.16,"l","inpu_03891","inputs"
"360","Limus Clear",1.18,"l","inpu_00638","inputs"
"361","phase 2",2.622,"l","inpu_00638","inputs"
"362","Glotron 700 SC",4.041,"l","inpu_02011","inputs"
"363","Magic Tandem",4.261,"l","inpu_02519","inputs"
"364","Venzar 500SC",1.74,"l","inpu_03701","inputs"
"365","Crop Rooter Plus",2.674,"l","inpu_00664","inputs"
"366","Clayton Cocoon",1.11,"l","inpu_01328","inputs"
"367","Magic Tandem",6.391,"l","inpu_02519","inputs"
"368","Clayton Cocoon",1.11,"l","inpu_01328","inputs"
"369","Magic Tandem",6.391,"l","inpu_02519","inputs"
"370","Shiro",0.12306,"kg","inpu_00423","inputs"
"371","Shogun",2.497,"l","inpu_00159","inputs"
"372","Intracrop Adhere",0.91,"l","inpu_00638","inputs"
"373","Efeckt",4.453,"l","inpu_01748","inputs"
"374","Target Flo",6.268,"l","inpu_00431","inputs"
"375","Sluxx HP",21.103,"kg","inpu_06499","inputs"
"376","X-Change",2.732,"l","inpu_00638","inputs"
"377","Motif",35.768,"l","inpu_02694","inputs"
"378","Menorexx",48.668,"kg","inpu_06447","inputs"
"379","Aquascope",2.917,"l","inpu_00638","inputs"
"380","Motif",35.771,"l","inpu_02694","inputs"
"381","Aquascope",2.917,"l","inpu_00638","inputs"
"382","Motif",35.771,"l","inpu_02694","inputs"
"383","Omex Folex Magnesium",56.537,"l","inpu_06861","inputs"
"384","Angle",11.888,"l","inpu_03891","inputs"
"385","Status",3.023,"l","inpu_03445","inputs"
"386","YaraVita Brassitrel Pro",34.485,"l","inpu_00664","inputs"
"387","Kantor",1.734,"l","inpu_00638","inputs"
"388","Angle",11.888,"l","inpu_03891","inputs"
"389","Limus Clear",3.372,"l","inpu_00638","inputs"
"390","phase 2",7.494,"l","inpu_00638","inputs"
"391","Glotron 700 SC",11.549,"l","inpu_02011","inputs"
"392","Magic Tandem",12.177,"l","inpu_02519","inputs"
"393","Venzar 500SC",4.973,"l","inpu_03701","inputs"
"394","Crop Rooter Plus",7.642,"l","inpu_00664","inputs"
"395","Clayton Cocoon",3.172,"l","inpu_01328","inputs"
"396","Magic Tandem",18.265,"l","inpu_02519","inputs"
"397","Clayton Cocoon",3.172,"l","inpu_01328","inputs"
"398","Magic Tandem",18.265,"l","inpu_02519","inputs"
"399","Shiro",0.351683,"kg","inpu_00423","inputs"
"400","Shogun",7.136,"l","inpu_00159","inputs"
"401","Intracrop Adhere",2.602,"l","inpu_00638","inputs"
"402","Efeckt",12.725,"l","inpu_01748","inputs"
"403","Target Flo",17.912,"l","inpu_00431","inputs"
"404","Sluxx HP",60.309,"kg","inpu_06499","inputs"
"405","Mn Super",3.448,"l","inpu_00664","inputs"
"406","Yara Crop Boost",19.8,"l","inpu_00664","inputs"
"407","Clayton Roulette",0.957,"l","inpu_04198","inputs"
"408","Tubosan",2.228,"l","inpu_05626","inputs"
"409","Curve",0.889,"l","inpu_06623","inputs"
"410","Stabilan 750",6.534,"l","inpu_00180","inputs"
"411","Aquascope",1.271,"l","inpu_00638","inputs"
"412","Motif",19.931,"l","inpu_02694","inputs"
"413","X-Change",1.522,"l","inpu_00638","inputs"
"414","Motif",19.931,"l","inpu_02694","inputs"
"415","Menorexx",27.119,"kg","inpu_06447","inputs"
"416","X-Change",1.526,"l","inpu_00638","inputs"
"417","Rosate 360 TF",18.859,"l","inpu_00629","inputs"
"418","Mn Super",3.448,"l","inpu_00664","inputs"
"419","Omex Folex Magnesium",31.503,"l","inpu_06861","inputs"
"420","Amistar",4.932,"l","inpu_00308","inputs"
"421","Zonor",3.3,"l","inpu_05726","inputs"
"422","Curve",1.186,"l","inpu_06623","inputs"
"423","Stabilan 750",6.534,"l","inpu_00180","inputs"
"424","Zypar",4.633,"l","inpu_03775","inputs"
"425","Omex Folex Magnesium",31.503,"l","inpu_06861","inputs"
"426","Kantor",0.966,"l","inpu_00638","inputs"
"427","Priaxor EC",3.316,"l","inpu_00080","inputs"
"428","Terpal",4.9,"l","inpu_00181","inputs"
"429","Mn Super",3.448,"l","inpu_00664","inputs"
"430","Anthem",13.294,"l","inpu_00095","inputs"
"431","Liberator",3.265,"l","inpu_00133","inputs"
"432","Hallmark With Zeon Technology",0.318,"l","inpu_00630","inputs"
"433","Sluxx HP",20.862,"kg","inpu_06499","inputs"
"434","Ferrex",178.436,"kg","inpu_00632","inputs"
"435","X-ecute",162.772,"kg","inpu_00632","inputs"
"436","Roundup Powermax",61.65,"kg","inpu_03193","inputs"
"437","Menorexx",184.812,"kg","inpu_06447","inputs"
"438","NitroShield 25",8.813,"l","inpu_00638","inputs"
"439","Crop Rooter Plus",27.32,"l","inpu_00664","inputs"
"440","Mn Super",21.089,"l","inpu_00664","inputs"
"441","Isolator",11.906,"l","inpu_00394","inputs"
"442","Luxinum Plus",0,"l","inpu_02507","inputs"
"443","Stomp Aqua",40.805,"l","inpu_03479","inputs"
"444","Lambdastar",1.151,"l","inpu_00630","inputs"
"445","Mn Super",21.086,"l","inpu_00664","inputs"
"446","Yara Crop Boost",121.1,"l","inpu_00664","inputs"
"447","Iodus",30.589,"l","inpu_00327","inputs"
"448","Zonor",20.182,"l","inpu_05726","inputs"
"449","Stabilan 750",39.961,"l","inpu_00180","inputs"
"450","Trinexis",4.121,"l","inpu_06818","inputs"
"451","Kipota",9.414,"l","inpu_02351","inputs"
"452","Arizona",58.045,"l","inpu_00309","inputs"
"453","Cello",0,"l","inpu_00313","inputs"
"454","Vimoy",0,"l","inpu_05678","inputs"
"455","Stabilan 750",39.961,"l","inpu_00180","inputs"
"456","Trinexis",6.181,"l","inpu_06818","inputs"
"457","Jubilee SX",0.830288,"kg","inpu_00628","inputs"
"458","Starane Hi-Load HL",12.028,"l","inpu_00426","inputs"
"459","Omex Folex Magnesium",192.676,"l","inpu_06861","inputs"
"460","Amistar",16.087,"l","inpu_00308","inputs"
"461","ERA",41.687,"l","inpu_00625","inputs"
"462","Miravis Plus",0,"l","inpu_04925","inputs"
"463","Phoenix",41.321,"l","inpu_00339","inputs"
"464","Crop Rooter Plus",26.043,"l","inpu_00664","inputs"
"465","Omex Folex Magnesium",192.676,"l","inpu_06861","inputs"
"466","Amistar",30.163,"l","inpu_00308","inputs"
"467","Soratel",20.385,"l","inpu_05412","inputs"
"468","X-Change",7.014,"l","inpu_00638","inputs"
"469","Azural",90.801,"l","inpu_00366","inputs"
"470","Ferrex",134.066,"kg","inpu_00632","inputs"
"471","X-ecute",122.297,"kg","inpu_00632","inputs"
"472","X-Change",6.995,"l","inpu_00638","inputs"
"473","Motif",91.586,"l","inpu_02694","inputs"
"474","Menorexx",138.856,"kg","inpu_06447","inputs"
"475","NitroShield 25",6.621,"l","inpu_00638","inputs"
"476","Crop Rooter Plus",20.526,"l","inpu_00664","inputs"
"477","Mn Super",15.845,"l","inpu_00664","inputs"
"478","Isolator",8.945,"l","inpu_00394","inputs"
"479","Luxinum Plus",0,"l","inpu_02507","inputs"
"480","Stomp Aqua",30.658,"l","inpu_03479","inputs"
"481","Lambdastar",0.865,"l","inpu_00630","inputs"
"482","Mn Super",15.843,"l","inpu_00664","inputs"
"483","Yara Crop Boost",90.987,"l","inpu_00664","inputs"
"484","Iodus",22.983,"l","inpu_00327","inputs"
"485","Zonor",15.163,"l","inpu_05726","inputs"
"486","Stabilan 750",30.025,"l","inpu_00180","inputs"
"487","Trinexis",3.096,"l","inpu_06818","inputs"
"488","Kipota",7.073,"l","inpu_02351","inputs"
"489","Arizona",43.611,"l","inpu_00309","inputs"
"490","Cello",0,"l","inpu_00313","inputs"
"491","Vimoy",0,"l","inpu_05678","inputs"
"492","Stabilan 750",30.025,"l","inpu_00180","inputs"
"493","Trinexis",4.644,"l","inpu_06818","inputs"
"494","Jubilee SX",0.623827,"kg","inpu_00628","inputs"
"495","Starane Hi-Load HL",9.037,"l","inpu_00426","inputs"
"496","Omex Folex Magnesium",144.765,"l","inpu_06861","inputs"
"497","Amistar",12.087,"l","inpu_00308","inputs"
"498","ERA",31.321,"l","inpu_00625","inputs"
"499","Miravis Plus",0,"l","inpu_04925","inputs"
"500","Phoenix",31.046,"l","inpu_00339","inputs"
"501","Crop Rooter Plus",19.567,"l","inpu_00664","inputs"
"502","Omex Folex Magnesium",144.765,"l","inpu_06861","inputs"
"503","Amistar",22.662,"l","inpu_00308","inputs"
"504","Soratel",15.316,"l","inpu_05412","inputs"
"505","Ferrex",95.6,"kg","inpu_00632","inputs"
"506","X-ecute",87.208,"kg","inpu_00632","inputs"
"507","Roundup Powermax",33.03,"kg","inpu_03193","inputs"
"508","Menorexx",99.016,"kg","inpu_06447","inputs"
"509","NitroShield 25",4.721,"l","inpu_00638","inputs"
"510","Crop Rooter Plus",14.637,"l","inpu_00664","inputs"
"511","Mn Super",11.299,"l","inpu_00664","inputs"
"512","Isolator",6.379,"l","inpu_00394","inputs"
"513","Luxinum Plus",0,"l","inpu_02507","inputs"
"514","Stomp Aqua",21.862,"l","inpu_03479","inputs"
"515","Lambdastar",0.617,"l","inpu_00630","inputs"
"516","Mn Super",11.297,"l","inpu_00664","inputs"
"517","Yara Crop Boost",64.881,"l","inpu_00664","inputs"
"518","Iodus",16.388,"l","inpu_00327","inputs"
"519","Zonor",10.813,"l","inpu_05726","inputs"
"520","Stabilan 750",21.41,"l","inpu_00180","inputs"
"521","Trinexis",2.208,"l","inpu_06818","inputs"
"522","Kipota",5.044,"l","inpu_02351","inputs"
"523","Arizona",31.099,"l","inpu_00309","inputs"
"524","Cello",0,"l","inpu_00313","inputs"
"525","Vimoy",0,"l","inpu_05678","inputs"
"526","Stabilan 750",21.41,"l","inpu_00180","inputs"
"527","Trinexis",3.312,"l","inpu_06818","inputs"
"528","Jubilee SX",0.44484,"kg","inpu_00628","inputs"
"529","Starane Hi-Load HL",6.444,"l","inpu_00426","inputs"
"530","Omex Folex Magnesium",103.229,"l","inpu_06861","inputs"
"531","Amistar",8.619,"l","inpu_00308","inputs"
"532","ERA",22.334,"l","inpu_00625","inputs"
"533","Miravis Plus",0,"l","inpu_04925","inputs"
"534","Phoenix",22.138,"l","inpu_00339","inputs"
"535","Crop Rooter Plus",13.953,"l","inpu_00664","inputs"
"536","Omex Folex Magnesium",103.229,"l","inpu_06861","inputs"
"537","Amistar",16.16,"l","inpu_00308","inputs"
"538","Soratel",10.921,"l","inpu_05412","inputs"
"539","Mn Super",6.885,"l","inpu_00664","inputs"
"540","Yara Crop Boost",39.542,"l","inpu_00664","inputs"
"541","Clayton Roulette",1.911,"l","inpu_04198","inputs"
"542","Tubosan",4.449,"l","inpu_05626","inputs"
"543","Curve",1.776,"l","inpu_06623","inputs"
"544","Stabilan 750",13.048,"l","inpu_00180","inputs"
"545","Aquascope",2.537,"l","inpu_00638","inputs"
"546","Motif",39.802,"l","inpu_02694","inputs"
"547","X-Change",3.04,"l","inpu_00638","inputs"
"548","Motif",39.802,"l","inpu_02694","inputs"
"549","Menorexx",54.157,"kg","inpu_06447","inputs"
"550","X-Change",3.048,"l","inpu_00638","inputs"
"551","Rosate 360 TF",37.663,"l","inpu_00629","inputs"
"552","Mn Super",6.885,"l","inpu_00664","inputs"
"553","Omex Folex Magnesium",62.913,"l","inpu_06861","inputs"
"554","Amistar",9.849,"l","inpu_00308","inputs"
"555","Zonor",6.59,"l","inpu_05726","inputs"
"556","Curve",2.368,"l","inpu_06623","inputs"
"557","Stabilan 750",13.048,"l","inpu_00180","inputs"
"558","Zypar",9.252,"l","inpu_03775","inputs"
"559","Omex Folex Magnesium",62.913,"l","inpu_06861","inputs"
"560","Kantor",1.93,"l","inpu_00638","inputs"
"561","Priaxor EC",6.623,"l","inpu_00080","inputs"
"562","Terpal",9.785,"l","inpu_00181","inputs"
"563","Mn Super",6.886,"l","inpu_00664","inputs"
"564","Anthem",26.548,"l","inpu_00095","inputs"
"565","Liberator",6.519,"l","inpu_00133","inputs"
"566","Hallmark With Zeon Technology",0.634,"l","inpu_00630","inputs"
"567","Sluxx HP",41.662,"kg","inpu_06499","inputs"
"568","Astrokerb",12.228,"l","inpu_00096","inputs"
"569","YaraVita Brassitrel Pro",20.809,"l","inpu_00664","inputs"
"570","Aurelia",3.116,"l","inpu_00311","inputs"
"571","X-Change",1.649,"l","inpu_00638","inputs"
"572","Rosate 360 TF",27.167,"l","inpu_00629","inputs"
"573","Omex Folex Magnesium",34.035,"l","inpu_06861","inputs"
"574","Amistar",5.328,"l","inpu_00308","inputs"
"575","Clayton Tuskar",3.68,"l","inpu_04210","inputs"
"576","Crop Rooter Plus",4.826,"l","inpu_00664","inputs"
"577","Fusilade Max",5.445,"l","inpu_00388","inputs"
"578","Pod-Stick",6.638,"l","inpu_00638","inputs"
"579","YaraVita Brassitrel Pro",20.76,"l","inpu_00664","inputs"
"580","Aurelia",2.791,"l","inpu_00311","inputs"
"581","Menorexx",29.298,"kg","inpu_06447","inputs"
"582","Aquascope",1.373,"l","inpu_00638","inputs"
"583","Motif",21.532,"l","inpu_02694","inputs"
"584","Menorexx",29.298,"kg","inpu_06447","inputs"
"585","Astrokerb",52.08,"l","inpu_00096","inputs"
"586","YaraVita Brassitrel Pro",88.625,"l","inpu_00664","inputs"
"587","Aurelia",13.271,"l","inpu_00311","inputs"
"588","X-Change",7.023,"l","inpu_00638","inputs"
"589","Rosate 360 TF",115.701,"l","inpu_00629","inputs"
"590","Omex Folex Magnesium",144.952,"l","inpu_06861","inputs"
"591","Amistar",22.692,"l","inpu_00308","inputs"
"592","Clayton Tuskar",15.674,"l","inpu_04210","inputs"
"593","Crop Rooter Plus",20.553,"l","inpu_00664","inputs"
"594","Fusilade Max",23.19,"l","inpu_00388","inputs"
"595","Pod-Stick",28.271,"l","inpu_00638","inputs"
"596","YaraVita Brassitrel Pro",88.415,"l","inpu_00664","inputs"
"597","Aurelia",11.885,"l","inpu_00311","inputs"
"598","Menorexx",124.778,"kg","inpu_06447","inputs"
"599","Aquascope",5.846,"l","inpu_00638","inputs"
"600","Motif",91.705,"l","inpu_02694","inputs"
"601","Menorexx",124.778,"kg","inpu_06447","inputs"
"602","Yara Crop Boost",31.675,"l","inpu_00664","inputs"
"603","Nutrel K-MAN Plus",28.177,"l","inpu_00664","inputs"
"604","Kantor",0.928,"l","inpu_00638","inputs"
"605","Callisto",4.737,"l","inpu_00371","inputs"
"606","Milagro 40 OD",6.488,"l","inpu_02634","inputs"
"607","Anthem",22.053,"l","inpu_00095","inputs"
"608","Motif",9.566,"l","inpu_02694","inputs"
"609","Aquascope",1.22,"l","inpu_00638","inputs"
"610","Motif",19.13,"l","inpu_02694","inputs"
"611","X-Change",1.465,"l","inpu_00638","inputs"
"612","Motif",19.131,"l","inpu_02694","inputs"
"613","Ferrex",75.238,"kg","inpu_00632","inputs"
"614","X-ecute",68.634,"kg","inpu_00632","inputs"
"615","X-Change",3.926,"l","inpu_00638","inputs"
"616","Motif",51.399,"l","inpu_02694","inputs"
"617","Menorexx",77.927,"kg","inpu_06447","inputs"
"618","NitroShield 25",3.716,"l","inpu_00638","inputs"
"619","Crop Rooter Plus",11.519,"l","inpu_00664","inputs"
"620","Mn Super",8.892,"l","inpu_00664","inputs"
"621","Isolator",5.02,"l","inpu_00394","inputs"
"622","Luxinum Plus",0,"l","inpu_02507","inputs"
"623","Stomp Aqua",17.205,"l","inpu_03479","inputs"
"624","Lambdastar",0.485,"l","inpu_00630","inputs"
"625","Mn Super",8.891,"l","inpu_00664","inputs"
"626","Yara Crop Boost",51.062,"l","inpu_00664","inputs"
"627","Iodus",12.898,"l","inpu_00327","inputs"
"628","Zonor",8.51,"l","inpu_05726","inputs"
"629","Stabilan 750",16.85,"l","inpu_00180","inputs"
"630","Trinexis",1.738,"l","inpu_06818","inputs"
"631","Kipota",3.969,"l","inpu_02351","inputs"
"632","Arizona",24.475,"l","inpu_00309","inputs"
"633","Cello",0,"l","inpu_00313","inputs"
"634","Vimoy",0,"l","inpu_05678","inputs"
"635","Stabilan 750",16.85,"l","inpu_00180","inputs"
"636","Trinexis",2.606,"l","inpu_06818","inputs"
"637","Jubilee SX",0.350095,"kg","inpu_00628","inputs"
"638","Starane Hi-Load HL",5.072,"l","inpu_00426","inputs"
"639","Omex Folex Magnesium",81.243,"l","inpu_06861","inputs"
"640","Amistar",6.783,"l","inpu_00308","inputs"
"641","ERA",17.577,"l","inpu_00625","inputs"
"642","Miravis Plus",0,"l","inpu_04925","inputs"
"643","Phoenix",17.423,"l","inpu_00339","inputs"
"644","Crop Rooter Plus",10.981,"l","inpu_00664","inputs"
"645","Omex Folex Magnesium",81.243,"l","inpu_06861","inputs"
"646","Amistar",12.718,"l","inpu_00308","inputs"
"647","Soratel",8.595,"l","inpu_05412","inputs"
"648","Aquascope",2.522,"l","inpu_00638","inputs"
"649","Biopower",12.61,"l","inpu_06844","inputs"
"650","Hatra",16.008,"l","inpu_00393","inputs"
"651","Isolator",7.729,"l","inpu_00394","inputs"
"652","Stomp Aqua",28.459,"l","inpu_03479","inputs"
"653","Lambdastar",0.373,"l","inpu_00630","inputs"
"654","Ferrex",57.916,"kg","inpu_00632","inputs"
"655","X-ecute",52.832,"kg","inpu_00632","inputs"
"656","Roundup Powermax",20.01,"kg","inpu_03193","inputs"
"657","Menorexx",59.985,"kg","inpu_06447","inputs"
"658","Mn Super",6.844,"l","inpu_00664","inputs"
"659","Yara Crop Boost",39.306,"l","inpu_00664","inputs"
"660","Iodus",9.928,"l","inpu_00327","inputs"
"661","Zonor",6.55,"l","inpu_05726","inputs"
"662","Stabilan 750",12.97,"l","inpu_00180","inputs"
"663","Trinexis",1.337,"l","inpu_06818","inputs"
"664","Kipota",3.055,"l","inpu_02351","inputs"
"665","Arizona",18.84,"l","inpu_00309","inputs"
"666","Cello",0,"l","inpu_00313","inputs"
"667","Vimoy",0,"l","inpu_05678","inputs"
"668","Stabilan 750",12.97,"l","inpu_00180","inputs"
"669","Trinexis",2.006,"l","inpu_06818","inputs"
"670","Jubilee SX",0.26949,"kg","inpu_00628","inputs"
"671","Starane Hi-Load HL",3.904,"l","inpu_00426","inputs"
"672","Omex Folex Magnesium",62.538,"l","inpu_06861","inputs"
"673","Amistar",5.221,"l","inpu_00308","inputs"
"674","ERA",13.53,"l","inpu_00625","inputs"
"675","Miravis Plus",0,"l","inpu_04925","inputs"
"676","Phoenix",13.412,"l","inpu_00339","inputs"
"677","Crop Rooter Plus",8.453,"l","inpu_00664","inputs"
"678","Omex Folex Magnesium",62.538,"l","inpu_06861","inputs"
"679","Amistar",9.79,"l","inpu_00308","inputs"
"680","Soratel",6.616,"l","inpu_05412","inputs"
"681","Mn Super",7.583,"l","inpu_00664","inputs"
"682","Yara Crop Boost",43.549,"l","inpu_00664","inputs"
"683","Clayton Roulette",2.104,"l","inpu_04198","inputs"
"684","Tubosan",4.899,"l","inpu_05626","inputs"
"685","Curve",1.956,"l","inpu_06623","inputs"
"686","Stabilan 750",14.371,"l","inpu_00180","inputs"
"687","X-Change",3.348,"l","inpu_00638","inputs"
"688","Motif",43.836,"l","inpu_02694","inputs"
"689","Menorexx",59.645,"kg","inpu_06447","inputs"
"690","X-Change",3.357,"l","inpu_00638","inputs"
"691","Rosate 360 TF",41.48,"l","inpu_00629","inputs"
"692","Mn Super",7.583,"l","inpu_00664","inputs"
"693","Omex Folex Magnesium",69.288,"l","inpu_06861","inputs"
"694","Amistar",10.847,"l","inpu_00308","inputs"
"695","Zonor",7.258,"l","inpu_05726","inputs"
"696","Curve",2.608,"l","inpu_06623","inputs"
"697","Stabilan 750",14.371,"l","inpu_00180","inputs"
"698","Zypar",10.189,"l","inpu_03775","inputs"
"699","Omex Folex Magnesium",69.288,"l","inpu_06861","inputs"
"700","Kantor",2.125,"l","inpu_00638","inputs"
"701","Priaxor EC",7.294,"l","inpu_00080","inputs"
"702","Terpal",10.777,"l","inpu_00181","inputs"
"703","Mn Super",7.584,"l","inpu_00664","inputs"
"704","Anthem",29.238,"l","inpu_00095","inputs"
"705","Liberator",7.18,"l","inpu_00133","inputs"
"706","Hallmark With Zeon Technology",0.698,"l","inpu_00630","inputs"
"707","Sluxx HP",45.884,"kg","inpu_06499","inputs"
"708","Crop Rooter Plus",2.693,"l","inpu_00664","inputs"
"709","Mn Super",4.361,"l","inpu_00664","inputs"
"710","Status",1.066,"l","inpu_03445","inputs"
"711","Zypar",2.93,"l","inpu_03775","inputs"
"712","X-Change",0.963,"l","inpu_00638","inputs"
"713","Motif",12.605,"l","inpu_02694","inputs"
"714","Menorexx",17.151,"kg","inpu_06447","inputs"
"715","X-Change",0.965,"l","inpu_00638","inputs"
"716","Rosate 360 TF",11.927,"l","inpu_00629","inputs"
"717","Mn Super",2.18,"l","inpu_00664","inputs"
"718","Omex Folex Magnesium",19.924,"l","inpu_06861","inputs"
"719","Kantor",0.612,"l","inpu_00638","inputs"
"720","Amistar",3.119,"l","inpu_00308","inputs"
"721","Tubosan",1.761,"l","inpu_05626","inputs"
"722","Medax Max",1.134,"kg","inpu_06687","inputs"
"723","Mn Super",2.181,"l","inpu_00664","inputs"
"724","Anthem",8.408,"l","inpu_00095","inputs"
"725","Liberator",2.065,"l","inpu_00133","inputs"
"726","Hallmark With Zeon Technology",0.201,"l","inpu_00630","inputs"
"727","Sluxx HP",13.194,"kg","inpu_06499","inputs"
"728","X-Change",0.847,"l","inpu_00638","inputs"
"729","Motif",11.092,"l","inpu_02694","inputs"
"730","Menorexx",15.093,"kg","inpu_06447","inputs"
"731","Aquascope",0.904,"l","inpu_00638","inputs"
"732","Motif",11.093,"l","inpu_02694","inputs"
"733","Aquascope",0.905,"l","inpu_00638","inputs"
"734","Motif",11.093,"l","inpu_02694","inputs"
"735","Omex Folex Magnesium",17.533,"l","inpu_06861","inputs"
"736","Angle",3.687,"l","inpu_03891","inputs"
"737","Status",0.938,"l","inpu_03445","inputs"
"738","YaraVita Brassitrel Pro",10.694,"l","inpu_00664","inputs"
"739","Kantor",0.538,"l","inpu_00638","inputs"
"740","Angle",3.687,"l","inpu_03891","inputs"
"741","phase 2",2.324,"l","inpu_00638","inputs"
"742","Glotron 700 SC",3.582,"l","inpu_02011","inputs"
"743","Magic Tandem",3.776,"l","inpu_02519","inputs"
"744","Venzar 500SC",1.542,"l","inpu_03701","inputs"
"745","Crop Rooter Plus",2.37,"l","inpu_00664","inputs"
"746","Clayton Cocoon",0.984,"l","inpu_01328","inputs"
"747","Magic Tandem",5.664,"l","inpu_02519","inputs"
"748","Clayton Cocoon",0.984,"l","inpu_01328","inputs"
"749","Magic Tandem",5.664,"l","inpu_02519","inputs"
"750","Shiro",0.109063,"kg","inpu_00423","inputs"
"751","Shogun",2.213,"l","inpu_00159","inputs"
"752","Intracrop Adhere",0.807,"l","inpu_00638","inputs"
"753","Efeckt",3.946,"l","inpu_01748","inputs"
"754","Target Flo",5.555,"l","inpu_00431","inputs"
"755","Sluxx HP",18.703,"kg","inpu_06499","inputs"
"756","Yara Crop Boost",80.783,"l","inpu_00664","inputs"
"757","Nutrel K-MAN Plus",71.863,"l","inpu_00664","inputs"
"758","Kantor",2.366,"l","inpu_00638","inputs"
"759","Callisto",12.08,"l","inpu_00371","inputs"
"760","Milagro 40 OD",16.546,"l","inpu_02634","inputs"
"761","Anthem",56.245,"l","inpu_00095","inputs"
"762","X-Change",3.726,"l","inpu_00638","inputs"
"763","Motif",48.789,"l","inpu_02694","inputs"
"764","Menorexx",66.384,"kg","inpu_06447","inputs"
"765","X-Change",3.736,"l","inpu_00638","inputs"
"766","Motif",48.792,"l","inpu_02694","inputs"
"767","Aquascope",1.785,"l","inpu_00638","inputs"
"768","Biopower",8.923,"l","inpu_06844","inputs"
"769","Hatra",11.328,"l","inpu_00393","inputs"
"770","Isolator",5.469,"l","inpu_00394","inputs"
"771","Stomp Aqua",20.139,"l","inpu_03479","inputs"
"772","Lambdastar",0.264,"l","inpu_00630","inputs"
"773","X-ecute",37.386,"kg","inpu_00632","inputs"
"774","X-Change",2.138,"l","inpu_00638","inputs"
"775","Motif",27.998,"l","inpu_02694","inputs"
"776","Menorexx",42.448,"kg","inpu_06447","inputs"
"777","Mn Super",4.843,"l","inpu_00664","inputs"
"778","Yara Crop Boost",27.815,"l","inpu_00664","inputs"
"779","Iodus",7.026,"l","inpu_00327","inputs"
"780","Zonor",4.635,"l","inpu_05726","inputs"
"781","Stabilan 750",9.179,"l","inpu_00180","inputs"
"782","Trinexis",0.946,"l","inpu_06818","inputs"
"783","Kipota",2.162,"l","inpu_02351","inputs"
"784","Arizona",13.332,"l","inpu_00309","inputs"
"785","Cello",0,"l","inpu_00313","inputs"
"786","Vimoy",0,"l","inpu_05678","inputs"
"787","Stabilan 750",9.179,"l","inpu_00180","inputs"
"788","Trinexis",1.42,"l","inpu_06818","inputs"
"789","Jubilee SX",0.190704,"kg","inpu_00628","inputs"
"790","Starane Hi-Load HL",2.763,"l","inpu_00426","inputs"
"791","Omex Folex Magnesium",44.255,"l","inpu_06861","inputs"
"792","Amistar",3.695,"l","inpu_00308","inputs"
"793","ERA",9.575,"l","inpu_00625","inputs"
"794","Miravis Plus",0,"l","inpu_04925","inputs"
"795","Phoenix",9.491,"l","inpu_00339","inputs"
"796","Crop Rooter Plus",5.982,"l","inpu_00664","inputs"
"797","Omex Folex Magnesium",44.255,"l","inpu_06861","inputs"
"798","Amistar",6.928,"l","inpu_00308","inputs"
"799","Soratel",4.682,"l","inpu_05412","inputs"
"800","NitroShield 25",1.794,"l","inpu_00638","inputs"
"801","Intracrop Adhere",2.863,"l","inpu_00638","inputs"
"802","Clayton Facet XL",3.917,"l","inpu_00629","inputs"
"803","Picona",40.073,"l","inpu_02932","inputs"
"804","Amistar",10.388,"l","inpu_00308","inputs"
"805","Tebucur 250",6.083,"l","inpu_00350","inputs"
"806","Curve",0.878,"l","inpu_06623","inputs"
"807","Palermo",12.092,"l","inpu_06715","inputs"
"808","Jubilee SX",0.268076,"kg","inpu_00628","inputs"
"809","Starane Hi-Load HL",3.883,"l","inpu_00426","inputs"
"810","Mn Super",6.808,"l","inpu_00664","inputs"
"811","Omex Folex Magnesium",62.209,"l","inpu_06861","inputs"
"812","Kantor",1.908,"l","inpu_00638","inputs"
"813","Amistar",9.739,"l","inpu_00308","inputs"
"814","Tubosan",5.499,"l","inpu_05626","inputs"
"815","Medax Max",3.54,"kg","inpu_06687","inputs"
"816","Crop Rooter Plus",8.409,"l","inpu_00664","inputs"
"817","Omex Folex Magnesium",62.209,"l","inpu_06861","inputs"
"818","Tebucur 250",9.124,"l","inpu_00350","inputs"
"819","Mn Super",6.808,"l","inpu_00664","inputs"
"820","Yara Maize Boost",57.681,"l","inpu_00664","inputs"
"821","Tebucur 250",4.866,"l","inpu_00350","inputs"
"822","Ferrex",25.615,"kg","inpu_00632","inputs"
"823","X-Change",1.336,"l","inpu_00638","inputs"
"824","Motif",17.499,"l","inpu_02694","inputs"
"825","Menorexx",26.53,"kg","inpu_06447","inputs"
"826","Crop Rooter Plus",3.922,"l","inpu_00664","inputs"
"827","Mn Super",3.027,"l","inpu_00664","inputs"
"828","Isolator",1.709,"l","inpu_00394","inputs"
"829","Luxinum Plus",0,"l","inpu_02507","inputs"
"830","Stomp Aqua",5.858,"l","inpu_03479","inputs"
"831","Lambdastar",0.165,"l","inpu_00630","inputs"
"832","Mn Super",3.027,"l","inpu_00664","inputs"
"833","Yara Crop Boost",17.384,"l","inpu_00664","inputs"
"834","Iodus",4.391,"l","inpu_00327","inputs"
"835","Zonor",2.897,"l","inpu_05726","inputs"
"836","Stabilan 750",5.737,"l","inpu_00180","inputs"
"837","Trinexis",0.592,"l","inpu_06818","inputs"
"838","Kipota",1.351,"l","inpu_02351","inputs"
"839","Arizona",8.333,"l","inpu_00309","inputs"
"840","Cello",0,"l","inpu_00313","inputs"
"841","Vimoy",0,"l","inpu_05678","inputs"
"842","Stabilan 750",5.737,"l","inpu_00180","inputs"
"843","Trinexis",0.887,"l","inpu_06818","inputs"
"844","Jubilee SX",0.11919,"kg","inpu_00628","inputs"
"845","Starane Hi-Load HL",1.727,"l","inpu_00426","inputs"
"846","Omex Folex Magnesium",27.659,"l","inpu_06861","inputs"
"847","Amistar",2.309,"l","inpu_00308","inputs"
"848","ERA",5.984,"l","inpu_00625","inputs"
"849","Miravis Plus",0,"l","inpu_04925","inputs"
"850","Phoenix",5.932,"l","inpu_00339","inputs"
"851","Crop Rooter Plus",3.739,"l","inpu_00664","inputs"
"852","Omex Folex Magnesium",27.659,"l","inpu_06861","inputs"
"853","Amistar",4.33,"l","inpu_00308","inputs"
"854","Soratel",2.926,"l","inpu_05412","inputs"
"855","Yara Crop Boost",135.047,"l","inpu_00664","inputs"
"856","NitroShield 25",2.786,"l","inpu_00638","inputs"
"857","Nutrel K-MAN Plus",107.074,"l","inpu_00664","inputs"
"858","Kantor",3.524,"l","inpu_00638","inputs"
"859","Callisto",18,"l","inpu_00371","inputs"
"860","Milagro 40 OD",24.654,"l","inpu_02634","inputs"
"861","Anthem",83.803,"l","inpu_00095","inputs"
"862","X-Change",5.552,"l","inpu_00638","inputs"
"863","Motif",72.694,"l","inpu_02694","inputs"
"864","Menorexx",98.91,"kg","inpu_06447","inputs"
"865","X-Change",5.567,"l","inpu_00638","inputs"
"866","Motif",72.699,"l","inpu_02694","inputs"
"867","X-Change",2.435,"l","inpu_00638","inputs"
"868","Motif",31.883,"l","inpu_02694","inputs"
"869","Menorexx",43.382,"kg","inpu_06447","inputs"
"870","Aquascope",2.6,"l","inpu_00638","inputs"
"871","Motif",31.886,"l","inpu_02694","inputs"
"872","Aquascope",2.6,"l","inpu_00638","inputs"
"873","Motif",31.886,"l","inpu_02694","inputs"
"874","Omex Folex Magnesium",50.396,"l","inpu_06861","inputs"
"875","Angle",10.597,"l","inpu_03891","inputs"
"876","Status",2.696,"l","inpu_03445","inputs"
"877","YaraVita Brassitrel Pro",30.739,"l","inpu_00664","inputs"
"878","Kantor",1.546,"l","inpu_00638","inputs"
"879","Angle",10.597,"l","inpu_03891","inputs"
"880","phase 2",6.68,"l","inpu_00638","inputs"
"881","Glotron 700 SC",10.295,"l","inpu_02011","inputs"
"882","Magic Tandem",10.854,"l","inpu_02519","inputs"
"883","Venzar 500SC",4.433,"l","inpu_03701","inputs"
"884","Crop Rooter Plus",6.812,"l","inpu_00664","inputs"
"885","Clayton Cocoon",2.827,"l","inpu_01328","inputs"
"886","Magic Tandem",16.281,"l","inpu_02519","inputs"
"887","Clayton Cocoon",2.827,"l","inpu_01328","inputs"
"888","Magic Tandem",16.281,"l","inpu_02519","inputs"
"889","Shiro",0.313482,"kg","inpu_00423","inputs"
"890","Shogun",6.361,"l","inpu_00159","inputs"
"891","Intracrop Adhere",2.319,"l","inpu_00638","inputs"
"892","Efeckt",11.343,"l","inpu_01748","inputs"
"893","Target Flo",15.967,"l","inpu_00431","inputs"
"894","Sluxx HP",53.758,"kg","inpu_06499","inputs"
"895","All Clear Extra",0.277,"l","inpu_00638","inputs"
"896","Menorexx",90.557,"kg","inpu_06447","inputs"
"897","Menorexx",90.557,"kg","inpu_06447","inputs"
"898","All Clear Extra",0.233,"l","inpu_00638","inputs"
"899","All Clear Extra",0.116,"l","inpu_00638","inputs"
"900","Menorexx",37.772,"kg","inpu_06447","inputs"
"901","Menorexx",37.772,"kg","inpu_06447","inputs"
"902","All Clear Extra",0.233,"l","inpu_00638","inputs"
"903","Menorexx",76.029,"kg","inpu_06447","inputs"
"904","Menorexx",76.029,"kg","inpu_06447","inputs"
"905","All Clear Extra",0.169,"l","inpu_00638","inputs"
"906","All Clear Extra",0.369,"l","inpu_00638","inputs"
"907","All Clear Extra",0.266,"l","inpu_00638","inputs"
"908","All Clear Extra",0.059,"l","inpu_00638","inputs"
"909","Menorexx",19.411,"kg","inpu_06447","inputs"
"910","Menorexx",19.411,"kg","inpu_06447","inputs"
"911","All Clear Extra",0.265,"l","inpu_00638","inputs"
"912","Menorexx",94.934,"kg","inpu_06447","inputs"
"913","All Clear Extra",0.508,"l","inpu_00638","inputs"
"914","All Clear Extra",0.197,"l","inpu_00638","inputs"
"915","Limus Clear",4.454,"l","inpu_00638","inputs"
"916","All Clear Extra",0.382,"l","inpu_00638","inputs"
"917","All Clear Extra",0.05,"l","inpu_00638","inputs"
"918","All Clear Extra",0.202,"l","inpu_00638","inputs"
"919","All Clear Extra",0.031,"l","inpu_00638","inputs"
"920","All Clear Extra",0.052,"l","inpu_00638","inputs"
"921","All Clear Extra",0.149,"l","inpu_00638","inputs"
"922","All Clear Extra",0.083,"l","inpu_00638","inputs"
"923","All Clear Extra",0.508,"l","inpu_00638","inputs"
"924","All Clear Extra",0.381,"l","inpu_00638","inputs"
"925","All Clear Extra",0.272,"l","inpu_00638","inputs"
"926","All Clear Extra",0.166,"l","inpu_00638","inputs"
"927","All Clear Extra",0.09,"l","inpu_00638","inputs"
"928","Menorexx",29.298,"kg","inpu_06447","inputs"
"929","Menorexx",29.298,"kg","inpu_06447","inputs"
"930","All Clear Extra",0.382,"l","inpu_00638","inputs"
"931","Menorexx",124.778,"kg","inpu_06447","inputs"
"932","Menorexx",124.778,"kg","inpu_06447","inputs"
"933","All Clear Extra",0.08,"l","inpu_00638","inputs"
"934","All Clear Extra",0.214,"l","inpu_00638","inputs"
"935","All Clear Extra",0.165,"l","inpu_00638","inputs"
"936","All Clear Extra",0.183,"l","inpu_00638","inputs"
"937","All Clear Extra",0.052,"l","inpu_00638","inputs"
"938","All Clear Extra",0.046,"l","inpu_00638","inputs"
"939","Limus Clear",1.046,"l","inpu_00638","inputs"
"940","All Clear Extra",0.203,"l","inpu_00638","inputs"
"941","All Clear Extra",0.117,"l","inpu_00638","inputs"
"942","All Clear Extra",0.164,"l","inpu_00638","inputs"
"943","All Clear Extra",0.073,"l","inpu_00638","inputs"
"944","Menorexx",26.149,"kg","inpu_06447","inputs"
"945","All Clear Extra",0.303,"l","inpu_00638","inputs"
"946","All Clear Extra",0.133,"l","inpu_00638","inputs"
"947","Limus Clear",3.006,"l","inpu_00638","inputs"
